Plot 1 FLIR USB Video,,,,,,,,,,
,,,,,,,,,,
,,,,Sp1.Value,Sp2.Value,Sp3.Value,Sp4.Value,Sp5.Value,Sp6.Value,Sp7.Value
Emissivity,,,,0.9499999881,0.9499999881,0.9499999881,0.9499999881,0.9499999881,0.9499999881,0.9499999881
Distance,,,,1,1,1,1,1,1,1
Reflected temperature,,,,19.9999939,19.9999939,19.9999939,19.9999939,19.9999939,19.9999939,19.9999939
Location X,,,,33,287,287,166,32,123,276
Location Y,,,,110,60,116,119,60,120,181
Size X,,,,,,,,,,
Size Y,,,,,,,,,,
Surface (pixels),,,,,,,,,,
,,,,,,,,,,
Date,Time,Milliseconds,Relative time,Sp1.Value,Sp2.Value,Sp3.Value,Sp4.Value,Sp5.Value,Sp6.Value,Sp7.Value
4/23/2018,4:47:43 PM,567,0,34.70981216,34.75588608,35.45636749,35.89071655,34.43300247,35.81081772,37.47789764
4/23/2018,4:47:43 PM,837,0.27,34.73284912,34.74436951,35.50215912,35.85647964,34.45609283,35.79940033,37.43283081
4/23/2018,4:47:44 PM,108,0.541,34.72133255,34.80194092,35.50215912,35.84506607,34.46763611,35.76514053,37.50042343
4/23/2018,4:47:44 PM,108,0.541,34.72133255,34.80194092,35.50215912,35.84506607,34.46763611,35.76514053,37.47789764
4/23/2018,4:47:44 PM,108,0.541,34.72133255,34.80194092,35.50215912,35.84506607,34.46763611,35.76514053,37.46663284
4/23/2018,4:47:44 PM,108,0.541,34.72133255,34.80194092,35.50215912,35.84506607,34.46763611,35.76514053,37.47789764
4/23/2018,4:47:44 PM,108,0.541,34.72133255,34.80194092,35.50215912,35.84506607,34.46763611,35.76514053,37.48916245
4/23/2018,4:47:44 PM,108,0.541,34.72133255,34.80194092,35.50215912,35.84506607,34.46763611,35.76514053,37.51168823
4/23/2018,4:47:44 PM,108,0.541,34.72133255,34.80194092,35.50215912,35.84506607,34.46763611,35.76514053,37.50042343
4/23/2018,4:47:44 PM,108,0.541,34.72133255,34.80194092,35.50215912,35.84506607,34.46763611,35.76514053,37.44409943
4/23/2018,4:47:44 PM,108,0.541,34.72133255,34.80194092,35.50215912,35.84506607,34.46763611,35.76514053,37.45536423
4/23/2018,4:47:44 PM,108,0.541,34.72133255,34.80194092,35.50215912,35.84506607,34.46763611,35.76514053,37.48916245
4/23/2018,4:47:44 PM,108,0.541,34.72133255,34.80194092,35.50215912,35.84506607,34.46763611,35.76514053,37.47789764
4/23/2018,4:47:44 PM,108,0.541,34.72133255,34.80194092,35.50215912,35.84506607,34.46763611,35.76514053,37.46663284
4/23/2018,4:47:44 PM,108,0.541,34.72133255,34.80194092,35.50215912,35.84506607,34.46763611,35.76514053,37.50042343
4/23/2018,4:47:44 PM,108,0.541,34.72133255,34.80194092,35.50215912,35.84506607,34.46763611,35.76514053,37.53421021
4/23/2018,4:47:44 PM,378,0.811,34.76739883,34.82496262,35.50215912,35.86789322,34.47917938,35.79940033,37.50042343
4/23/2018,4:47:44 PM,378,0.811,34.76739883,34.82496262,35.50215912,35.86789322,34.47917938,35.79940033,37.47789764
4/23/2018,4:47:44 PM,378,0.811,34.76739883,34.82496262,35.50215912,35.86789322,34.47917938,35.79940033,37.60174942
4/23/2018,4:47:44 PM,378,0.811,34.76739883,34.82496262,35.50215912,35.86789322,34.47917938,35.79940033,37.53421021
4/23/2018,4:47:44 PM,378,0.811,34.76739883,34.82496262,35.50215912,35.86789322,34.47917938,35.79940033,37.54546738
4/23/2018,4:47:44 PM,378,0.811,34.76739883,34.82496262,35.50215912,35.86789322,34.47917938,35.79940033,37.50042343
4/23/2018,4:47:44 PM,378,0.811,34.76739883,34.82496262,35.50215912,35.86789322,34.47917938,35.79940033,37.55672836
4/23/2018,4:47:44 PM,378,0.811,34.76739883,34.82496262,35.50215912,35.86789322,34.47917938,35.79940033,37.51168823
4/23/2018,4:47:44 PM,378,0.811,34.76739883,34.82496262,35.50215912,35.86789322,34.47917938,35.79940033,37.48916245
4/23/2018,4:47:44 PM,378,0.811,34.76739883,34.82496262,35.50215912,35.86789322,34.47917938,35.79940033,37.48916245
4/23/2018,4:47:44 PM,378,0.811,34.76739883,34.82496262,35.50215912,35.86789322,34.47917938,35.79940033,37.46663284
4/23/2018,4:47:44 PM,378,0.811,34.76739883,34.82496262,35.50215912,35.86789322,34.47917938,35.79940033,37.48916245
4/23/2018,4:47:44 PM,378,0.811,34.76739883,34.82496262,35.50215912,35.86789322,34.47917938,35.79940033,37.43283081
4/23/2018,4:47:44 PM,648,1.081,34.76739883,34.82496262,35.58225632,35.86789322,34.53688049,35.84506607,37.41028976
4/23/2018,4:47:44 PM,648,1.081,34.76739883,34.82496262,35.58225632,35.86789322,34.53688049,35.84506607,37.43283081
4/23/2018,4:47:44 PM,648,1.081,34.76739883,34.82496262,35.58225632,35.86789322,34.53688049,35.84506607,37.44409943
4/23/2018,4:47:44 PM,918,1.351,34.77891541,34.80194092,35.58225632,35.81081772,34.49072266,35.82223511,37.3539238
4/23/2018,4:47:44 PM,918,1.351,34.77891541,34.80194092,35.58225632,35.81081772,34.49072266,35.82223511,37.39901733
4/23/2018,4:47:44 PM,918,1.351,34.77891541,34.80194092,35.58225632,35.81081772,34.49072266,35.82223511,37.39901733
4/23/2018,4:47:44 PM,918,1.351,34.77891541,34.80194092,35.58225632,35.81081772,34.49072266,35.82223511,37.43283081
4/23/2018,4:47:44 PM,918,1.351,34.77891541,34.80194092,35.58225632,35.81081772,34.49072266,35.82223511,37.46663284
4/23/2018,4:47:44 PM,918,1.351,34.77891541,34.80194092,35.58225632,35.81081772,34.49072266,35.82223511,37.47789764
4/23/2018,4:47:44 PM,918,1.351,34.77891541,34.80194092,35.58225632,35.81081772,34.49072266,35.82223511,37.46663284
4/23/2018,4:47:44 PM,918,1.351,34.77891541,34.80194092,35.58225632,35.81081772,34.49072266,35.82223511,37.45536423
4/23/2018,4:47:44 PM,918,1.351,34.77891541,34.80194092,35.58225632,35.81081772,34.49072266,35.82223511,37.45536423
4/23/2018,4:47:44 PM,918,1.351,34.77891541,34.80194092,35.58225632,35.81081772,34.49072266,35.82223511,37.43283081
4/23/2018,4:47:44 PM,918,1.351,34.77891541,34.80194092,35.58225632,35.81081772,34.49072266,35.82223511,37.59049606
4/23/2018,4:47:44 PM,918,1.351,34.77891541,34.80194092,35.58225632,35.81081772,34.49072266,35.82223511,37.54546738
4/23/2018,4:47:44 PM,918,1.351,34.77891541,34.80194092,35.58225632,35.81081772,34.49072266,35.82223511,37.47789764
4/23/2018,4:47:45 PM,189,1.622,34.91700745,34.92850494,35.65087128,35.94775391,34.64066696,35.89071655,37.53421021
4/23/2018,4:47:45 PM,189,1.622,34.91700745,34.92850494,35.65087128,35.94775391,34.64066696,35.89071655,37.44409943
4/23/2018,4:47:45 PM,189,1.622,34.91700745,34.92850494,35.65087128,35.94775391,34.64066696,35.89071655,37.56798553
4/23/2018,4:47:45 PM,189,1.622,34.91700745,34.92850494,35.65087128,35.94775391,34.64066696,35.89071655,37.57923889
4/23/2018,4:47:45 PM,189,1.622,34.91700745,34.92850494,35.65087128,35.94775391,34.64066696,35.89071655,37.50042343
4/23/2018,4:47:45 PM,189,1.622,34.91700745,34.92850494,35.65087128,35.94775391,34.64066696,35.89071655,37.50042343
4/23/2018,4:47:45 PM,189,1.622,34.91700745,34.92850494,35.65087128,35.94775391,34.64066696,35.89071655,37.54546738
4/23/2018,4:47:45 PM,189,1.622,34.91700745,34.92850494,35.65087128,35.94775391,34.64066696,35.89071655,37.46663284
4/23/2018,4:47:45 PM,189,1.622,34.91700745,34.92850494,35.65087128,35.94775391,34.64066696,35.89071655,37.46663284
4/23/2018,4:47:45 PM,189,1.622,34.91700745,34.92850494,35.65087128,35.94775391,34.64066696,35.89071655,37.45536423
4/23/2018,4:47:45 PM,189,1.622,34.91700745,34.92850494,35.65087128,35.94775391,34.64066696,35.89071655,37.47789764
4/23/2018,4:47:45 PM,189,1.622,34.91700745,34.92850494,35.65087128,35.94775391,34.64066696,35.89071655,37.45536423
4/23/2018,4:47:45 PM,729,2.162,34.85948563,34.89400101,35.54793549,35.99336624,34.61761093,35.92494202,37.52294922
4/23/2018,4:47:45 PM,729,2.162,34.85948563,34.89400101,35.54793549,35.99336624,34.61761093,35.92494202,37.47789764
4/23/2018,4:47:45 PM,729,2.162,34.85948563,34.89400101,35.54793549,35.99336624,34.61761093,35.92494202,37.45536423
4/23/2018,4:47:45 PM,729,2.162,34.85948563,34.89400101,35.54793549,35.99336624,34.61761093,35.92494202,37.42156219
4/23/2018,4:47:45 PM,729,2.162,34.85948563,34.89400101,35.54793549,35.99336624,34.61761093,35.92494202,37.45536423
4/23/2018,4:47:45 PM,729,2.162,34.85948563,34.89400101,35.54793549,35.99336624,34.61761093,35.92494202,37.51168823
4/23/2018,4:47:45 PM,999,2.432,34.85948563,34.96300125,35.66230392,36.0389595,34.61761093,35.94775391,37.42156219
4/23/2018,4:47:45 PM,999,2.432,34.85948563,34.96300125,35.66230392,36.0389595,34.61761093,35.94775391,37.39901733
4/23/2018,4:47:45 PM,999,2.432,34.85948563,34.96300125,35.66230392,36.0389595,34.61761093,35.94775391,37.48916245
4/23/2018,4:47:45 PM,999,2.432,34.85948563,34.96300125,35.66230392,36.0389595,34.61761093,35.94775391,37.46663284
4/23/2018,4:47:45 PM,999,2.432,34.85948563,34.96300125,35.66230392,36.0389595,34.61761093,35.94775391,37.48916245
4/23/2018,4:47:46 PM,270,2.703,34.81345367,34.91700745,35.59369659,36.02756119,34.61761093,35.93634796,37.50042343
4/23/2018,4:47:46 PM,540,2.973,34.74436951,34.8479805,35.52505112,36.00476456,34.52534103,35.87930679,37.47789764
4/23/2018,4:47:46 PM,810,3.243,34.89400101,34.85948563,35.58225632,36.050354,34.55995178,35.92494202,37.53421021
4/23/2018,4:47:46 PM,810,3.243,34.89400101,34.85948563,35.58225632,36.050354,34.55995178,35.92494202,37.51168823
4/23/2018,4:47:47 PM,621,4.054,34.8479805,34.77891541,35.61656952,35.97056198,34.58301926,35.92494202,37.46663284
4/23/2018,4:47:47 PM,891,4.324,34.77891541,34.76739883,35.59369659,35.92494202,34.54841614,35.90212631,37.45536423
4/23/2018,4:47:48 PM,162,4.595,34.87099457,34.91700745,35.70801926,35.98196411,34.66371918,35.92494202,37.46663284
4/23/2018,4:47:48 PM,432,4.865,34.83647156,34.89400101,35.68516159,35.97056198,34.6060791,35.97056198,37.52294922
4/23/2018,4:47:48 PM,702,5.135,34.79042816,34.81345367,35.59369659,35.87930679,34.52534103,35.91353607,37.48916245
4/23/2018,4:47:48 PM,972,5.405,34.79042816,34.81345367,35.60513306,35.86789322,34.53688049,35.86789322,37.51168823
4/23/2018,4:47:49 PM,513,5.946,34.82496262,34.8479805,35.69659042,35.97056198,34.57148361,35.90212631,37.52294922
4/23/2018,4:47:49 PM,783,6.216,34.88249969,34.88249969,35.69659042,36.00476456,34.64066696,35.95915604,37.53421021
4/23/2018,4:47:50 PM,54,6.487,34.83647156,34.85948563,35.66230392,36.00476456,34.58301926,35.90212631,37.42156219
4/23/2018,4:47:50 PM,324,6.757,34.88249969,34.81345367,35.63943863,36.08453369,34.59455109,35.90212631,37.39901733
4/23/2018,4:47:50 PM,594,7.027,34.79042816,34.77891541,35.58225632,35.93634796,34.51380157,35.82223511,37.47789764
4/23/2018,4:47:50 PM,864,7.297,34.79042816,34.81345367,35.52505112,35.93634796,34.49072266,35.8336525,37.50042343
4/23/2018,4:47:51 PM,405,7.838,34.70981216,34.73284912,35.47926331,35.91353607,34.43300247,35.82223511,37.44409943
4/23/2018,4:47:51 PM,675,8.108,34.77891541,34.82496262,35.55937576,35.99336624,34.46763611,35.87930679,37.45536423
4/23/2018,4:47:51 PM,945,8.378,34.77891541,34.79042816,35.57081604,36.00476456,34.46763611,35.86789322,37.41028976
4/23/2018,4:47:52 PM,486,8.919,34.75588608,34.75588608,35.52505112,36.02756119,34.39835739,35.84506607,37.41028976
4/23/2018,4:47:52 PM,756,9.189,34.74436951,34.81345367,35.61656952,36.02756119,34.40990448,35.84506607,37.43283081
4/23/2018,4:47:53 PM,27,9.46,34.74436951,34.81345367,35.53649139,36.02756119,34.44454956,35.85647964,37.46663284
4/23/2018,4:47:53 PM,297,9.73,34.70981216,34.80194092,35.61656952,35.98196411,34.43300247,35.86789322,37.44409943
4/23/2018,4:47:53 PM,567,10,34.74436951,34.83647156,35.60513306,35.99336624,34.49072266,35.87930679,37.44409943
4/23/2018,4:47:53 PM,837,10.27,34.70981216,34.77891541,35.58225632,35.93634796,34.45609283,35.84506607,37.39901733
4/23/2018,4:47:54 PM,108,10.541,34.70981216,34.80194092,35.57081604,35.93634796,34.40990448,35.77656174,37.41028976
4/23/2018,4:47:54 PM,378,10.811,34.76739883,34.79042816,35.62800217,35.99336624,34.46763611,35.85647964,37.36520004
4/23/2018,4:47:54 PM,918,11.351,34.74436951,34.83647156,35.55937576,35.97056198,34.49072266,35.84506607,37.39901733
4/23/2018,4:47:55 PM,189,11.622,34.74436951,34.85948563,35.65087128,35.99336624,34.42145538,35.85647964,37.32009125
4/23/2018,4:47:55 PM,459,11.892,34.74436951,34.83647156,35.58225632,36.00476456,34.44454956,35.85647964,37.39901733
4/23/2018,4:47:55 PM,729,12.162,34.77891541,34.81345367,35.55937576,36.01616287,34.50226212,35.87930679,37.39901733
4/23/2018,4:47:55 PM,999,12.432,34.77891541,34.85948563,35.63943863,36.0617485,34.44454956,35.91353607,37.39901733
4/23/2018,4:47:56 PM,270,12.703,34.74436951,34.81345367,35.55937576,35.97056198,34.43300247,35.82223511,37.3877449
4/23/2018,4:47:56 PM,540,12.973,34.81345367,34.91700745,35.65087128,36.00476456,34.50226212,35.89071655,37.43283081
4/23/2018,4:47:57 PM,81,13.514,34.8479805,34.90550613,35.62800217,36.02756119,34.53688049,35.92494202,37.45536423
4/23/2018,4:47:57 PM,351,13.784,34.8479805,34.82496262,35.62800217,36.050354,34.55995178,35.90212631,37.42156219
4/23/2018,4:47:57 PM,621,14.054,34.79042816,34.85948563,35.62800217,36.02756119,34.50226212,35.89071655,37.47789764
4/23/2018,4:47:57 PM,891,14.324,34.83647156,34.89400101,35.63943863,36.0617485,34.58301926,35.89071655,37.53421021
4/23/2018,4:47:58 PM,162,14.595,34.8479805,34.8479805,35.63943863,36.07314301,34.55995178,35.90212631,37.53421021
4/23/2018,4:47:58 PM,702,15.135,34.81345367,34.8479805,35.67373276,36.0389595,34.55995178,35.91353607,37.56798553
4/23/2018,4:47:58 PM,972,15.405,34.83647156,34.87099457,35.63943863,36.0389595,34.50226212,35.89071655,37.57923889
4/23/2018,4:47:59 PM,243,15.676,34.76739883,34.77891541,35.62800217,35.98196411,34.40990448,35.86789322,37.59049606
4/23/2018,4:47:59 PM,513,15.946,34.82496262,34.8479805,35.59369659,36.00476456,34.55995178,35.87930679,37.54546738
4/23/2018,4:47:59 PM,783,16.216,34.79042816,34.88249969,35.63943863,36.050354,34.53688049,35.86789322,37.56798553
4/23/2018,4:48:00 PM,54,16.487,34.73284912,34.75588608,35.51360321,36.02756119,34.47917938,35.79940033,37.50042343
4/23/2018,4:48:00 PM,324,16.757,34.79042816,34.82496262,35.62800217,36.0617485,34.50226212,35.84506607,37.56798553
4/23/2018,4:48:00 PM,864,17.297,34.79042816,34.82496262,35.67373276,36.08453369,34.44454956,35.85647964,37.52294922
4/23/2018,4:48:01 PM,135,17.568,34.68676758,34.69828796,35.53649139,36.00476456,34.40990448,35.77656174,37.52294922
4/23/2018,4:48:01 PM,405,17.838,34.70981216,34.68676758,35.51360321,36.01616287,34.36370087,35.81081772,37.52294922
4/23/2018,4:48:01 PM,675,18.108,34.70981216,34.70981216,35.53649139,35.98196411,34.38680649,35.82223511,37.73672104
4/23/2018,4:48:01 PM,945,18.378,34.69828796,34.68676758,35.54793549,36.00476456,34.38680649,35.82223511,37.79291534
4/23/2018,4:48:02 PM,216,18.649,34.70981216,34.75588608,35.52505112,36.02756119,34.40990448,35.79940033,37.83785248
4/23/2018,4:48:02 PM,486,18.919,34.75588608,34.74436951,35.58225632,35.98196411,34.47917938,35.78798294,37.78167725
4/23/2018,4:48:02 PM,756,19.189,34.77891541,34.77891541,35.53649139,35.98196411,34.49072266,35.85647964,37.82661819
4/23/2018,4:48:03 PM,297,19.73,34.76739883,34.76739883,35.59369659,35.98196411,34.43300247,35.90212631,37.87154388
4/23/2018,4:48:03 PM,567,20,34.73284912,34.74436951,35.58225632,35.99336624,34.49072266,35.87930679,37.92768097
4/23/2018,4:48:03 PM,837,20.27,34.74436951,34.72133255,35.50215912,35.98196411,34.40990448,35.89071655,37.92768097
4/23/2018,4:48:04 PM,108,20.541,34.8479805,34.87099457,35.62800217,36.11870575,34.58301926,35.95915604,37.98378754
4/23/2018,4:48:04 PM,378,20.811,34.83647156,34.77891541,35.59369659,36.07314301,34.50226212,35.94775391,37.81538773
4/23/2018,4:48:04 PM,918,21.351,34.82496262,34.82496262,35.61656952,36.050354,34.59455109,35.95915604,37.75920105
4/23/2018,4:48:05 PM,189,21.622,34.81345367,34.79042816,35.60513306,36.02756119,34.55995178,35.87930679,37.84908295
4/23/2018,4:48:05 PM,459,21.892,34.76739883,34.76739883,35.52505112,35.98196411,34.50226212,35.82223511,37.81538773
4/23/2018,4:48:05 PM,729,22.162,34.85948563,34.8479805,35.67373276,36.050354,34.58301926,35.92494202,37.7142334
4/23/2018,4:48:05 PM,999,22.432,34.89400101,34.87099457,35.75371933,36.10731888,34.59455109,35.94775391,37.7142334
4/23/2018,4:48:06 PM,270,22.703,34.83647156,34.81345367,35.59369659,36.07314301,34.52534103,35.89071655,37.74796295
4/23/2018,4:48:06 PM,540,22.973,34.73284912,34.76739883,35.58225632,36.00476456,34.44454956,35.84506607,37.69174576
4/23/2018,4:48:06 PM,810,23.243,34.80194092,34.82496262,35.63943863,36.02756119,34.49072266,35.87930679,37.69174576
4/23/2018,4:48:07 PM,81,23.514,34.76739883,34.74436951,35.60513306,36.00476456,34.44454956,35.85647964,37.64675522
4/23/2018,4:48:07 PM,621,24.054,34.73284912,34.73284912,35.54793549,36.00476456,34.40990448,35.82223511,37.72547913
4/23/2018,4:48:07 PM,891,24.324,34.73284912,34.73284912,35.51360321,36.050354,34.46763611,35.8336525,37.69174576
4/23/2018,4:48:08 PM,162,24.595,34.79042816,34.73284912,35.59369659,36.10731888,34.53688049,35.90212631,37.77043915
4/23/2018,4:48:08 PM,702,25.135,34.76739883,34.79042816,35.55937576,36.0617485,34.51380157,35.90212631,37.70299149
4/23/2018,4:48:08 PM,972,25.405,34.77891541,34.82496262,35.55937576,36.02756119,34.50226212,35.87930679,37.70299149
4/23/2018,4:48:09 PM,243,25.676,34.73284912,34.76739883,35.58225632,36.02756119,34.46763611,35.85647964,37.62425613
4/23/2018,4:48:09 PM,513,25.946,34.76739883,34.77891541,35.58225632,36.050354,34.43300247,35.84506607,37.73672104
4/23/2018,4:48:09 PM,783,26.216,34.74436951,34.75588608,35.57081604,36.050354,34.42145538,35.86789322,37.6692543
4/23/2018,4:48:10 PM,54,26.487,34.81345367,34.80194092,35.61656952,36.00476456,34.50226212,35.90212631,37.6692543
4/23/2018,4:48:10 PM,324,26.757,34.75588608,34.76739883,35.57081604,36.02756119,34.43300247,35.93634796,37.7142334
4/23/2018,4:48:10 PM,864,27.297,34.77891541,34.70981216,35.52505112,36.00476456,34.47917938,35.89071655,37.77043915
4/23/2018,4:48:11 PM,135,27.568,34.72133255,34.67524338,35.54793549,35.95915604,34.34059143,35.79940033,37.73672104
4/23/2018,4:48:11 PM,405,27.838,34.82496262,34.74436951,35.57081604,36.01616287,34.38680649,35.86789322,37.74796295
4/23/2018,4:48:11 PM,675,28.108,34.76739883,34.67524338,35.49071121,36.02756119,34.44454956,35.87930679,37.74796295
4/23/2018,4:48:11 PM,945,28.378,34.75588608,34.74436951,35.60513306,36.050354,34.35214615,35.84506607,37.79291534
4/23/2018,4:48:12 PM,216,28.649,34.76739883,34.77891541,35.58225632,36.0389595,34.42145538,35.86789322,37.80414963
4/23/2018,4:48:12 PM,486,28.919,34.76739883,34.79042816,35.60513306,36.02756119,34.42145538,35.87930679,37.72547913
4/23/2018,4:48:13 PM,27,29.46,34.80194092,34.76739883,35.63943863,36.07314301,34.39835739,35.91353607,37.73672104
4/23/2018,4:48:13 PM,297,29.73,34.80194092,34.75588608,35.59369659,36.00476456,34.34059143,35.85647964,37.74796295
4/23/2018,4:48:13 PM,567,30,34.76739883,34.73284912,35.55937576,35.97056198,34.32903671,35.87930679,37.77043915
4/23/2018,4:48:13 PM,837,30.27,34.77891541,34.73284912,35.59369659,35.94775391,34.36370087,35.85647964,37.7142334
4/23/2018,4:48:14 PM,108,30.541,34.76739883,34.72133255,35.61656952,35.93634796,34.40990448,35.89071655,37.63550568
4/23/2018,4:48:14 PM,378,30.811,34.90550613,34.82496262,35.61656952,36.00476456,34.52534103,35.97056198,37.63550568
4/23/2018,4:48:14 PM,648,31.081,34.77891541,34.72133255,35.53649139,35.98196411,34.36370087,35.87930679,37.68050003
4/23/2018,4:48:14 PM,918,31.351,34.81345367,34.74436951,35.57081604,35.99336624,34.44454956,35.87930679,37.64675522
4/23/2018,4:48:15 PM,459,31.892,34.75588608,34.74436951,35.66230392,36.050354,34.40990448,35.93634796,37.61300278
4/23/2018,4:48:15 PM,729,32.162,34.8479805,34.76739883,35.63943863,36.10731888,34.49072266,35.98196411,37.68050003
4/23/2018,4:48:15 PM,999,32.432,34.74436951,34.66371918,35.51360321,36.02756119,34.37525177,35.89071655,37.69174576
4/23/2018,4:48:16 PM,270,32.703,34.70981216,34.65219498,35.49071121,35.99336624,34.39835739,35.8336525,37.68050003
4/23/2018,4:48:16 PM,540,32.973,34.83647156,34.68676758,35.59369659,36.050354,34.45609283,35.87930679,37.63550568
4/23/2018,4:48:17 PM,81,33.514,34.80194092,34.70981216,35.60513306,36.00476456,34.51380157,35.91353607,37.74796295
4/23/2018,4:48:17 PM,351,33.784,34.85948563,34.69828796,35.58225632,35.97056198,34.46763611,35.89071655,37.87154388
4/23/2018,4:48:17 PM,621,34.054,34.81345367,34.75588608,35.53649139,35.98196411,34.53688049,35.90212631,37.80414963
4/23/2018,4:48:17 PM,891,34.324,34.80194092,34.66371918,35.53649139,36.02756119,34.43300247,35.90212631,37.77043915
4/23/2018,4:48:18 PM,432,34.865,34.79042816,34.67524338,35.57081604,36.02756119,34.46763611,35.89071655,37.75920105
4/23/2018,4:48:18 PM,702,35.135,34.75588608,34.66371918,35.54793549,36.00476456,34.40990448,35.85647964,37.84908295
4/23/2018,4:48:18 PM,972,35.405,34.80194092,34.68676758,35.59369659,36.07314301,34.46763611,35.87930679,37.72547913
4/23/2018,4:48:19 PM,243,35.676,34.76739883,34.68676758,35.53649139,36.08453369,34.53688049,35.87930679,37.78167725
4/23/2018,4:48:19 PM,783,36.216,34.79042816,34.57148361,35.54793549,36.050354,34.49072266,35.89071655,37.78167725
4/23/2018,4:48:20 PM,54,36.487,34.70981216,34.57148361,35.51360321,36.00476456,34.42145538,35.82223511,37.84908295
4/23/2018,4:48:20 PM,324,36.757,34.73284912,34.62913895,35.53649139,36.01616287,34.44454956,35.85647964,37.81538773
4/23/2018,4:48:20 PM,594,37.027,34.74436951,34.66371918,35.55937576,35.98196411,34.38680649,35.89071655,37.75920105
4/23/2018,4:48:20 PM,864,37.297,34.67524338,34.64066696,35.47926331,35.94775391,34.36370087,35.82223511,37.78167725
4/23/2018,4:48:21 PM,135,37.568,34.69828796,34.62913895,35.54793549,35.94775391,34.37525177,35.82223511,37.77043915
4/23/2018,4:48:21 PM,675,38.108,34.73284912,34.68676758,35.51360321,35.98196411,34.40990448,35.87930679,37.73672104
4/23/2018,4:48:21 PM,945,38.378,34.74436951,34.72133255,35.54793549,35.98196411,34.45609283,35.91353607,37.74796295
4/23/2018,4:48:22 PM,216,38.649,34.77891541,34.74436951,35.53649139,35.93634796,34.47917938,35.84506607,37.77043915
4/23/2018,4:48:22 PM,486,38.919,34.74436951,34.68676758,35.50215912,35.93634796,34.42145538,35.89071655,37.74796295
4/23/2018,4:48:23 PM,27,39.46,34.81345367,34.74436951,35.57081604,35.99336624,34.51380157,35.91353607,37.83785248
4/23/2018,4:48:23 PM,297,39.73,34.73284912,34.70981216,35.57081604,35.98196411,34.49072266,35.89071655,37.91645432
4/23/2018,4:48:23 PM,567,40,34.80194092,34.72133255,35.57081604,36.050354,34.40990448,35.90212631,37.88277435
4/23/2018,4:48:23 PM,837,40.27,34.80194092,34.72133255,35.53649139,36.050354,34.45609283,35.92494202,37.78167725
4/23/2018,4:48:24 PM,108,40.541,34.82496262,34.81345367,35.65087128,36.050354,34.51380157,35.95915604,37.83785248
4/23/2018,4:48:24 PM,378,40.811,34.87099457,34.80194092,35.65087128,36.13009644,34.57148361,35.98196411,37.81538773
4/23/2018,4:48:24 PM,918,41.351,34.89400101,34.77891541,35.66230392,36.18702316,34.55995178,36.01616287,37.73672104
4/23/2018,4:48:25 PM,189,41.622,34.88249969,34.81345367,35.67373276,36.14148331,34.59455109,36.00476456,37.72547913
4/23/2018,4:48:25 PM,459,41.892,34.92850494,34.74436951,35.62800217,36.10731888,34.57148361,35.93634796,37.74796295
4/23/2018,4:48:25 PM,729,42.162,34.87099457,34.77891541,35.60513306,36.14148331,34.57148361,35.98196411,37.75920105
4/23/2018,4:48:25 PM,999,42.432,34.89400101,34.83647156,35.67373276,36.10731888,34.58301926,35.98196411,37.75920105
4/23/2018,4:48:26 PM,540,42.973,34.83647156,34.73284912,35.53649139,36.0617485,34.54841614,35.93634796,37.73672104
4/23/2018,4:48:26 PM,810,43.243,34.85948563,34.74436951,35.55937576,36.050354,34.51380157,35.95915604,37.79291534
4/23/2018,4:48:27 PM,81,43.514,34.89400101,34.70981216,35.52505112,35.98196411,34.58301926,35.93634796,37.77043915
4/23/2018,4:48:27 PM,81,43.514,34.89400101,34.70981216,35.52505112,35.98196411,34.58301926,35.93634796,37.73672104
4/23/2018,4:48:27 PM,81,43.514,34.89400101,34.70981216,35.52505112,35.98196411,34.58301926,35.93634796,37.69174576
4/23/2018,4:48:28 PM,432,44.865,35.04345322,35.04345322,35.94775391,36.27804947,34.75588608,36.25529861,37.7142334
4/23/2018,4:48:28 PM,972,45.405,35.06642914,35.14681244,36.02756119,36.32353973,34.79042816,36.31216812,37.72547913
4/23/2018,4:48:29 PM,243,45.676,35.14681244,35.16976929,36.050354,36.32353973,34.88249969,36.2894249,37.70299149
4/23/2018,4:48:29 PM,513,45.946,35.11236954,35.1812439,36.0617485,36.34627914,34.87099457,36.31216812,37.65800476
4/23/2018,4:48:29 PM,783,46.216,35.11236954,35.1812439,36.09592819,36.36901093,34.83647156,36.33490753,37.64675522
4/23/2018,4:48:30 PM,54,46.487,35.15829086,35.19272232,36.0617485,36.39174271,34.88249969,36.38037872,37.69174576
4/23/2018,4:48:30 PM,324,46.757,35.1812439,35.1812439,36.13009644,36.43718719,34.85948563,36.36901093,37.60174942
4/23/2018,4:48:30 PM,594,47.027,35.22714233,35.22714233,36.16425323,36.45990372,34.91700745,36.38037872,37.62425613
4/23/2018,4:48:30 PM,864,47.297,35.2615509,35.23861313,36.11870575,36.43718719,34.99748611,36.40310287,37.54546738
4/23/2018,4:48:31 PM,135,47.568,35.14681244,35.10088348,35.97056198,36.38037872,34.80194092,36.2894249,37.53421021
4/23/2018,4:48:31 PM,675,48.108,35.07791519,35.05493927,35.92494202,36.30079651,34.75588608,36.25529861,37.54546738
4/23/2018,4:48:31 PM,945,48.378,35.14681244,35.06642914,35.99336624,36.27804947,34.82496262,36.26667404,37.64675522
4/23/2018,4:48:32 PM,216,48.649,35.05493927,34.99748611,35.93634796,36.24392319,34.70981216,36.20978546,37.61300278
4/23/2018,4:48:32 PM,486,48.919,35.08940125,35.0089798,35.89071655,36.25529861,34.70981216,36.19840622,37.62425613
4/23/2018,4:48:32 PM,756,49.189,34.99748611,34.98599243,35.87930679,36.27804947,34.69828796,36.18702316,37.65800476
4/23/2018,4:48:33 PM,27,49.46,35.06642914,35.0089798,35.92494202,36.30079651,34.74436951,36.27804947,37.70299149
4/23/2018,4:48:33 PM,297,49.73,35.03196335,35.0089798,35.86789322,36.24392319,34.66371918,36.19840622,37.70299149
4/23/2018,4:48:33 PM,837,50.27,35.03196335,34.99748611,35.86789322,36.23254395,34.66371918,36.17564011,37.7142334
4/23/2018,4:48:34 PM,108,50.541,34.99748611,34.99748611,35.84506607,36.2211647,34.64066696,36.15287018,37.63550568
4/23/2018,4:48:34 PM,378,50.811,35.04345322,35.0089798,35.89071655,36.30079651,34.69828796,36.16425323,37.62425613
4/23/2018,4:48:34 PM,648,51.081,35.04345322,35.03196335,35.92494202,36.31216812,34.72133255,36.18702316,37.63550568
4/23/2018,4:48:34 PM,918,51.351,35.04345322,35.08940125,35.95915604,36.34627914,34.75588608,36.26667404,37.65800476
4/23/2018,4:48:35 PM,189,51.622,35.02047348,34.99748611,35.90212631,36.33490753,34.65219498,36.24392319,37.64675522
4/23/2018,4:48:35 PM,459,51.892,35.02047348,35.0089798,35.90212631,36.24392319,34.65219498,36.18702316,37.64675522
4/23/2018,4:48:35 PM,729,52.162,34.96300125,34.96300125,35.89071655,36.16425323,34.61761093,36.13009644,37.64675522
4/23/2018,4:48:36 PM,270,52.703,34.99748611,35.03196335,35.85647964,36.17564011,34.70981216,36.11870575,37.68050003
4/23/2018,4:48:36 PM,540,52.973,34.99748611,34.98599243,35.8336525,36.18702316,34.67524338,36.14148331,37.57923889
4/23/2018,4:48:36 PM,810,53.243,35.02047348,35.03196335,35.87930679,36.20978546,34.72133255,36.17564011,37.6692543
4/23/2018,4:48:37 PM,81,53.514,35.03196335,35.04345322,35.87930679,36.20978546,34.69828796,36.19840622,37.65800476
4/23/2018,4:48:37 PM,351,53.784,35.04345322,35.05493927,35.92494202,36.30079651,34.69828796,36.2211647,37.69174576
4/23/2018,4:48:37 PM,891,54.324,35.02047348,35.07791519,35.86789322,36.30079651,34.72133255,36.19840622,37.70299149
4/23/2018,4:48:38 PM,162,54.595,35.05493927,35.06642914,35.92494202,36.2894249,34.70981216,36.20978546,37.77043915
4/23/2018,4:48:38 PM,432,54.865,35.02047348,35.03196335,35.93634796,36.26667404,34.69828796,36.18702316,37.77043915
4/23/2018,4:48:38 PM,702,55.135,35.06642914,35.10088348,35.98196411,36.26667404,34.75588608,36.17564011,37.75920105
4/23/2018,4:48:38 PM,972,55.405,35.07791519,35.08940125,35.99336624,36.26667404,34.73284912,36.19840622,37.80414963
4/23/2018,4:48:39 PM,243,55.676,35.02047348,35.07791519,35.93634796,36.23254395,34.73284912,36.18702316,37.78167725
4/23/2018,4:48:39 PM,513,55.946,35.10088348,35.12385178,36.01616287,36.20978546,34.79042816,36.20978546,37.82661819
4/23/2018,4:48:39 PM,783,56.216,35.04345322,35.1353302,35.94775391,36.2211647,34.81345367,36.24392319,37.75920105
4/23/2018,4:48:40 PM,54,56.487,34.98599243,35.1353302,35.91353607,36.20978546,34.73284912,36.20978546,37.77043915
4/23/2018,4:48:40 PM,594,57.027,35.03196335,35.11236954,35.94775391,36.24392319,34.72133255,36.18702316,37.79291534
4/23/2018,4:48:40 PM,864,57.297,35.02047348,35.05493927,35.89071655,36.16425323,34.67524338,36.17564011,37.83785248
4/23/2018,4:48:41 PM,135,57.568,35.05493927,35.0089798,35.84506607,36.15287018,34.65219498,36.13009644,37.79291534
4/23/2018,4:48:41 PM,405,57.838,35.03196335,35.07791519,35.87930679,36.13009644,34.70981216,36.10731888,37.80414963
4/23/2018,4:48:41 PM,945,58.378,34.97449875,35.05493927,35.89071655,36.11870575,34.66371918,36.10731888,37.75920105
4/23/2018,4:48:42 PM,216,58.649,34.94000626,35.04345322,35.87930679,36.13009644,34.64066696,36.11870575,37.79291534
4/23/2018,4:48:42 PM,486,58.919,34.99748611,35.03196335,35.85647964,36.14148331,34.62913895,36.11870575,37.78167725
4/23/2018,4:48:42 PM,756,59.189,35.02047348,35.06642914,35.93634796,36.20978546,34.72133255,36.14148331,37.69174576
4/23/2018,4:48:43 PM,297,59.73,35.05493927,35.10088348,35.95915604,36.27804947,34.73284912,36.16425323,37.82661819
4/23/2018,4:48:43 PM,567,60,34.99748611,35.03196335,35.94775391,36.25529861,34.68676758,36.20978546,37.75920105
4/23/2018,4:48:43 PM,837,60.27,35.0089798,35.06642914,35.93634796,36.2894249,34.69828796,36.2211647,37.77043915
4/23/2018,4:48:44 PM,108,60.541,35.15829086,35.21566772,36.050354,36.40310287,34.88249969,36.31216812,37.75920105
4/23/2018,4:48:44 PM,648,61.081,35.1353302,35.22714233,36.0617485,36.42582703,34.83647156,36.30079651,37.83785248
4/23/2018,4:48:44 PM,918,61.351,35.1353302,35.14681244,36.01616287,36.38037872,34.80194092,36.26667404,37.68050003
4/23/2018,4:48:45 PM,189,61.622,35.1812439,35.16976929,36.0617485,36.38037872,34.88249969,36.27804947,37.64675522
4/23/2018,4:48:45 PM,459,61.892,35.14681244,35.15829086,36.0389595,36.35764313,34.83647156,36.2894249,37.62425613
4/23/2018,4:48:45 PM,729,62.162,35.10088348,35.1812439,36.0389595,36.32353973,34.82496262,36.27804947,37.69174576
4/23/2018,4:48:45 PM,999,62.432,35.07791519,35.10088348,35.99336624,36.32353973,34.77891541,36.23254395,37.6692543
4/23/2018,4:48:46 PM,270,62.703,35.11236954,35.12385178,36.050354,36.34627914,34.77891541,36.26667404,37.69174576
4/23/2018,4:48:46 PM,810,63.243,35.15829086,35.15829086,36.07314301,36.38037872,34.82496262,36.2894249,37.73672104
4/23/2018,4:48:47 PM,81,63.514,35.14681244,35.15829086,36.00476456,36.35764313,34.81345367,36.27804947,37.77043915
4/23/2018,4:48:47 PM,351,63.784,35.15829086,35.15829086,36.0389595,36.40310287,34.88249969,36.32353973,37.80414963
4/23/2018,4:48:47 PM,621,64.054,35.14681244,35.12385178,35.99336624,36.40310287,34.77891541,36.26667404,37.7142334
4/23/2018,4:48:47 PM,891,64.324,35.12385178,35.11236954,36.00476456,36.39174271,34.83647156,36.2894249,37.79291534
4/23/2018,4:48:48 PM,162,64.595,35.15829086,35.1353302,35.97056198,36.36901093,34.8479805,36.24392319,37.81538773
4/23/2018,4:48:48 PM,432,64.865,35.11236954,35.10088348,35.99336624,36.39174271,34.81345367,36.24392319,37.84908295
4/23/2018,4:48:48 PM,972,65.405,35.19272232,35.12385178,36.0389595,36.40310287,34.8479805,36.26667404,37.7142334
4/23/2018,4:48:49 PM,243,65.676,35.21566772,35.11236954,36.0617485,36.43718719,34.83647156,36.26667404,37.7142334
4/23/2018,4:48:49 PM,513,65.946,35.21566772,35.15829086,36.10731888,36.45990372,34.88249969,36.33490753,37.7142334
4/23/2018,4:48:49 PM,783,66.216,35.28448868,35.20419693,36.17564011,36.49397278,34.96300125,36.35764313,37.65800476
4/23/2018,4:48:50 PM,324,66.757,35.25008392,35.1812439,36.11870575,36.44854736,34.89400101,36.35764313,37.72547913
4/23/2018,4:48:50 PM,594,67.027,35.19272232,35.19272232,36.09592819,36.47126389,34.87099457,36.32353973,37.65800476
4/23/2018,4:48:50 PM,864,67.297,35.23861313,35.20419693,36.15287018,36.49397278,34.92850494,36.35764313,37.69174576
4/23/2018,4:48:51 PM,135,67.568,35.16976929,35.12385178,36.07314301,36.40310287,34.82496262,36.31216812,37.74796295
4/23/2018,4:48:51 PM,675,68.108,35.15829086,35.19272232,36.09592819,36.39174271,34.88249969,36.31216812,37.7142334
4/23/2018,4:48:51 PM,945,68.378,35.16976929,35.14681244,36.09592819,36.36901093,34.83647156,36.30079651,37.69174576
4/23/2018,4:48:52 PM,216,68.649,35.20419693,35.20419693,36.0617485,36.42582703,34.90550613,36.30079651,37.72547913
4/23/2018,4:48:52 PM,486,68.919,35.14681244,35.1812439,36.0617485,36.39174271,34.85948563,36.26667404,37.73672104
4/23/2018,4:48:53 PM,27,69.46,35.1812439,35.15829086,36.0389595,36.34627914,34.89400101,36.25529861,37.83785248
4/23/2018,4:48:53 PM,297,69.73,35.14681244,35.12385178,36.01616287,36.33490753,34.8479805,36.24392319,37.75920105
4/23/2018,4:48:53 PM,567,70,35.22714233,35.16976929,36.13009644,36.38037872,34.89400101,36.31216812,37.7142334
4/23/2018,4:48:53 PM,837,70.27,35.20419693,35.14681244,36.08453369,36.35764313,34.88249969,36.2894249,37.73672104
4/23/2018,4:48:54 PM,378,70.811,35.12385178,35.11236954,35.92494202,36.30079651,34.83647156,36.19840622,37.73672104
4/23/2018,4:48:54 PM,648,71.081,35.08940125,35.02047348,35.93634796,36.32353973,34.79042816,36.16425323,37.80414963
4/23/2018,4:48:54 PM,918,71.351,35.11236954,35.05493927,35.97056198,36.38037872,34.85948563,36.24392319,37.78167725
4/23/2018,4:48:55 PM,189,71.622,35.20419693,35.11236954,36.01616287,36.39174271,34.87099457,36.23254395,37.7142334
4/23/2018,4:48:55 PM,459,71.892,35.16976929,35.12385178,36.01616287,36.33490753,34.8479805,36.23254395,37.77043915
4/23/2018,4:48:55 PM,999,72.432,35.10088348,35.08940125,35.97056198,36.32353973,34.75588608,36.20978546,37.80414963
4/23/2018,4:48:56 PM,270,72.703,35.03196335,35.04345322,35.94775391,36.27804947,34.72133255,36.16425323,37.79291534
4/23/2018,4:48:56 PM,540,72.973,35.05493927,35.04345322,35.93634796,36.2894249,34.76739883,36.18702316,37.79291534
4/23/2018,4:48:56 PM,810,73.243,35.0089798,34.97449875,35.87930679,36.23254395,34.69828796,36.13009644,37.79291534
4/23/2018,4:48:57 PM,81,73.514,35.0089798,34.96300125,35.86789322,36.20978546,34.65219498,36.11870575,37.80414963
4/23/2018,4:48:57 PM,351,73.784,34.94000626,34.92850494,35.81081772,36.14148331,34.66371918,36.07314301,37.79291534
4/23/2018,4:48:57 PM,621,74.054,34.95150375,34.90550613,35.79940033,36.10731888,34.62913895,36.07314301,37.81538773
4/23/2018,4:48:57 PM,891,74.324,34.96300125,34.92850494,35.86789322,36.16425323,34.61761093,36.10731888,37.75920105
4/23/2018,4:48:58 PM,432,74.865,35.05493927,35.03196335,36.00476456,36.25529861,34.73284912,36.17564011,37.80414963
4/23/2018,4:48:58 PM,702,75.135,35.04345322,34.98599243,35.91353607,36.19840622,34.69828796,36.16425323,37.70299149
4/23/2018,4:48:58 PM,972,75.405,35.06642914,35.08940125,35.99336624,36.27804947,34.77891541,36.2211647,37.70299149
4/23/2018,4:48:59 PM,243,75.676,35.08940125,35.06642914,36.00476456,36.33490753,34.80194092,36.23254395,37.77043915
4/23/2018,4:48:59 PM,783,76.216,35.07791519,35.04345322,35.99336624,36.32353973,34.81345367,36.2211647,37.73672104
4/23/2018,4:49:00 PM,54,76.487,35.08940125,35.08940125,36.0389595,36.32353973,34.80194092,36.2211647,37.69174576
4/23/2018,4:49:00 PM,324,76.757,35.08940125,35.07791519,36.00476456,36.30079651,34.77891541,36.20978546,37.70299149
4/23/2018,4:49:00 PM,594,77.027,35.06642914,34.98599243,35.93634796,36.26667404,34.79042816,36.15287018,37.70299149
4/23/2018,4:49:01 PM,135,77.568,35.03196335,35.0089798,35.92494202,36.24392319,34.73284912,36.16425323,37.70299149
4/23/2018,4:49:01 PM,405,77.838,35.06642914,35.03196335,35.98196411,36.30079651,34.79042816,36.19840622,37.63550568
4/23/2018,4:49:01 PM,675,78.108,35.04345322,35.0089798,36.00476456,36.31216812,34.75588608,36.20978546,37.73672104
4/23/2018,4:49:01 PM,945,78.378,35.04345322,35.02047348,35.94775391,36.32353973,34.72133255,36.20978546,37.65800476
4/23/2018,4:49:02 PM,216,78.649,35.05493927,35.06642914,35.93634796,36.27804947,34.75588608,36.23254395,37.73672104
4/23/2018,4:49:02 PM,486,78.919,35.06642914,35.02047348,35.90212631,36.27804947,34.72133255,36.16425323,37.68050003
4/23/2018,4:49:03 PM,27,79.46,35.08940125,34.99748611,35.91353607,36.27804947,34.77891541,36.17564011,37.65800476
4/23/2018,4:49:03 PM,297,79.73,35.03196335,34.96300125,35.86789322,36.26667404,34.75588608,36.16425323,37.72547913
4/23/2018,4:49:03 PM,567,80,35.04345322,34.99748611,35.93634796,36.27804947,34.79042816,36.17564011,37.82661819
4/23/2018,4:49:03 PM,837,80.27,35.07791519,34.97449875,35.93634796,36.25529861,34.82496262,36.20978546,37.84908295
4/23/2018,4:49:04 PM,108,80.541,35.07791519,35.02047348,36.00476456,36.24392319,34.81345367,36.16425323,37.73672104
4/23/2018,4:49:04 PM,378,80.811,35.08940125,34.94000626,35.92494202,36.2211647,34.83647156,36.19840622,37.80414963
4/23/2018,4:49:04 PM,648,81.081,35.10088348,35.06642914,35.94775391,36.2894249,34.82496262,36.24392319,37.75920105
4/23/2018,4:49:05 PM,189,81.622,35.1812439,35.10088348,36.02756119,36.35764313,34.88249969,36.2894249,37.69174576
4/23/2018,4:49:05 PM,459,81.892,35.19272232,35.10088348,36.02756119,36.38037872,34.83647156,36.2894249,37.65800476
4/23/2018,4:49:05 PM,729,82.162,35.15829086,35.06642914,36.02756119,36.34627914,34.87099457,36.26667404,37.70299149
4/23/2018,4:49:05 PM,999,82.432,35.1812439,35.06642914,36.00476456,36.31216812,34.90550613,36.2894249,37.7142334
4/23/2018,4:49:06 PM,270,82.703,35.15829086,35.08940125,36.00476456,36.2894249,34.88249969,36.26667404,37.73672104
4/23/2018,4:49:06 PM,540,82.973,35.12385178,35.03196335,36.02756119,36.25529861,34.8479805,36.24392319,37.69174576
4/23/2018,4:49:06 PM,810,83.243,35.10088348,35.0089798,35.99336624,36.2211647,34.80194092,36.19840622,37.68050003
4/23/2018,4:49:07 PM,351,83.784,35.15829086,35.07791519,36.07314301,36.26667404,34.88249969,36.25529861,37.68050003
4/23/2018,4:49:07 PM,621,84.054,35.19272232,35.11236954,36.02756119,36.26667404,34.88249969,36.20978546,37.69174576
4/23/2018,4:49:07 PM,891,84.324,35.20419693,35.06642914,36.00476456,36.24392319,34.90550613,36.23254395,37.68050003
4/23/2018,4:49:08 PM,162,84.595,35.14681244,35.12385178,36.0389595,36.2894249,34.88249969,36.26667404,37.81538773
4/23/2018,4:49:08 PM,432,84.865,35.1812439,35.06642914,36.02756119,36.36901093,34.95150375,36.30079651,37.78167725
4/23/2018,4:49:08 PM,972,85.405,35.19272232,35.11236954,36.02756119,36.34627914,34.89400101,36.2894249,37.75920105
4/23/2018,4:49:09 PM,243,85.676,35.11236954,35.06642914,35.95915604,36.33490753,34.81345367,36.23254395,37.69174576
4/23/2018,4:49:09 PM,513,85.946,35.11236954,35.03196335,35.92494202,36.23254395,34.75588608,36.20978546,37.75920105
4/23/2018,4:49:09 PM,783,86.216,35.08940125,35.06642914,36.00476456,36.24392319,34.75588608,36.20978546,37.68050003
4/23/2018,4:49:10 PM,54,86.487,35.1353302,35.06642914,36.0389595,36.30079651,34.76739883,36.23254395,37.63550568
4/23/2018,4:49:10 PM,324,86.757,35.11236954,35.06642914,35.97056198,36.27804947,34.8479805,36.2211647,37.65800476
4/23/2018,4:49:10 PM,864,87.297,35.15829086,35.02047348,35.97056198,36.2894249,34.83647156,36.2894249,37.69174576
4/23/2018,4:49:11 PM,135,87.568,35.12385178,35.08940125,36.02756119,36.30079651,34.88249969,36.25529861,37.7142334
4/23/2018,4:49:11 PM,405,87.838,34.98599243,34.96300125,35.87930679,36.19840622,34.66371918,36.11870575,37.69174576
4/23/2018,4:49:11 PM,675,88.108,35.0089798,34.92850494,35.85647964,36.2211647,34.73284912,36.10731888,37.68050003
4/23/2018,4:49:11 PM,945,88.378,35.0089798,34.8479805,35.84506607,36.18702316,34.62913895,36.08453369,37.77043915
4/23/2018,4:49:12 PM,486,88.919,34.99748611,34.90550613,35.78798294,36.17564011,34.65219498,36.09592819,37.65800476
4/23/2018,4:49:12 PM,756,89.189,35.03196335,34.88249969,35.78798294,36.19840622,34.70981216,36.14148331,37.65800476
4/23/2018,4:49:13 PM,27,89.46,34.98599243,34.95150375,35.78798294,36.19840622,34.68676758,36.13009644,37.70299149
4/23/2018,4:49:13 PM,297,89.73,35.02047348,34.92850494,35.8336525,36.24392319,34.67524338,36.15287018,37.69174576
4/23/2018,4:49:13 PM,567,90,35.07791519,34.99748611,35.86789322,36.26667404,34.76739883,36.18702316,37.64675522
4/23/2018,4:49:14 PM,108,90.541,35.07791519,34.96300125,35.86789322,36.25529861,34.69828796,36.15287018,37.55672836
4/23/2018,4:49:14 PM,378,90.811,34.98599243,34.98599243,35.85647964,36.20978546,34.67524338,36.19840622,37.68050003
4/23/2018,4:49:14 PM,648,91.081,35.07791519,34.99748611,35.91353607,36.2894249,34.72133255,36.18702316,37.57923889
4/23/2018,4:49:14 PM,918,91.351,35.08940125,35.03196335,35.94775391,36.31216812,34.75588608,36.2211647,37.59049606
4/23/2018,4:49:15 PM,189,91.622,35.08940125,35.11236954,35.95915604,36.2894249,34.8479805,36.27804947,37.54546738
4/23/2018,4:49:15 PM,459,91.892,35.02047348,35.02047348,35.93634796,36.17564011,34.69828796,36.19840622,37.61300278
4/23/2018,4:49:15 PM,729,92.162,35.0089798,34.97449875,35.90212631,36.20978546,34.67524338,36.16425323,37.55672836
4/23/2018,4:49:16 PM,270,92.703,35.0089798,34.94000626,35.86789322,36.19840622,34.68676758,36.14148331,37.57923889
4/23/2018,4:49:16 PM,540,92.973,35.0089798,34.89400101,35.81081772,36.2211647,34.64066696,36.14148331,37.62425613
4/23/2018,4:49:16 PM,810,93.243,35.04345322,34.98599243,35.91353607,36.2894249,34.65219498,36.20978546,37.63550568
4/23/2018,4:49:17 PM,81,93.514,35.04345322,34.91700745,35.87930679,36.2894249,34.67524338,36.17564011,37.60174942
4/23/2018,4:49:17 PM,351,93.784,34.97449875,34.98599243,35.8336525,36.25529861,34.66371918,36.15287018,37.63550568
4/23/2018,4:49:17 PM,621,94.054,35.06642914,34.96300125,35.89071655,36.2894249,34.68676758,36.17564011,37.59049606
4/23/2018,4:49:17 PM,891,94.324,35.04345322,34.96300125,35.86789322,36.2894249,34.64066696,36.17564011,37.59049606
4/23/2018,4:49:18 PM,162,94.595,35.03196335,34.91700745,35.86789322,36.30079651,34.67524338,36.17564011,37.59049606
4/23/2018,4:49:18 PM,702,95.135,35.06642914,34.91700745,35.85647964,36.24392319,34.66371918,36.18702316,37.59049606
4/23/2018,4:49:18 PM,972,95.405,35.03196335,34.98599243,35.87930679,36.20978546,34.69828796,36.18702316,37.63550568
4/23/2018,4:49:19 PM,243,95.676,35.07791519,34.99748611,35.91353607,36.20978546,34.67524338,36.17564011,37.68050003
4/23/2018,4:49:19 PM,513,95.946,35.02047348,34.91700745,35.86789322,36.17564011,34.69828796,36.18702316,37.62425613
4/23/2018,4:49:19 PM,783,96.216,35.03196335,34.91700745,35.87930679,36.11870575,34.64066696,36.15287018,37.70299149
4/23/2018,4:49:20 PM,54,96.487,35.03196335,34.88249969,35.8336525,36.10731888,34.62913895,36.13009644,37.64675522
4/23/2018,4:49:20 PM,324,96.757,35.03196335,34.90550613,35.94775391,36.18702316,34.68676758,36.16425323,37.57923889
4/23/2018,4:49:20 PM,594,97.027,35.11236954,35.0089798,35.97056198,36.20978546,34.80194092,36.25529861,37.63550568
4/23/2018,4:49:21 PM,135,97.568,35.15829086,34.96300125,35.94775391,36.24392319,34.77891541,36.23254395,37.6692543
4/23/2018,4:49:21 PM,405,97.838,35.07791519,34.95150375,35.86789322,36.15287018,34.72133255,36.17564011,37.69174576
4/23/2018,4:49:21 PM,675,98.108,35.04345322,34.94000626,35.87930679,36.20978546,34.75588608,36.19840622,37.57923889
4/23/2018,4:49:21 PM,945,98.378,35.05493927,34.95150375,35.91353607,36.2211647,34.70981216,36.17564011,37.57923889
4/23/2018,4:49:22 PM,216,98.649,35.12385178,34.96300125,35.92494202,36.2211647,34.76739883,36.19840622,37.56798553
4/23/2018,4:49:22 PM,486,98.919,35.07791519,34.97449875,35.94775391,36.23254395,34.74436951,36.16425323,37.63550568
4/23/2018,4:49:23 PM,27,99.46,35.04345322,34.88249969,35.85647964,36.25529861,34.68676758,36.14148331,37.64675522
4/23/2018,4:49:23 PM,297,99.73,35.11236954,34.95150375,35.93634796,36.2894249,34.70981216,36.18702316,37.65800476
4/23/2018,4:49:23 PM,567,100,35.12385178,34.94000626,35.93634796,36.26667404,34.70981216,36.18702316,37.68050003
4/23/2018,4:49:23 PM,837,100.27,35.04345322,34.91700745,35.93634796,36.23254395,34.67524338,36.19840622,37.69174576
4/23/2018,4:49:24 PM,378,100.811,35.06642914,34.92850494,35.86789322,36.24392319,34.67524338,36.20978546,37.60174942
4/23/2018,4:49:24 PM,648,101.081,35.06642914,34.92850494,35.91353607,36.27804947,34.70981216,36.18702316,37.59049606
4/23/2018,4:49:24 PM,918,101.351,34.98599243,34.83647156,35.77656174,36.18702316,34.70981216,36.13009644,37.55672836
4/23/2018,4:49:25 PM,189,101.622,34.97449875,34.87099457,35.79940033,36.18702316,34.64066696,36.17564011,37.6692543
4/23/2018,4:49:25 PM,729,102.162,35.03196335,34.88249969,35.86789322,36.17564011,34.70981216,36.18702316,37.62425613
4/23/2018,4:49:25 PM,999,102.432,35.05493927,34.81345367,35.85647964,36.15287018,34.65219498,36.19840622,37.65800476
4/23/2018,4:49:26 PM,270,102.703,34.99748611,34.82496262,35.84506607,36.14148331,34.65219498,36.18702316,37.68050003
4/23/2018,4:49:26 PM,540,102.973,35.0089798,34.87099457,35.84506607,36.18702316,34.65219498,36.14148331,37.61300278
4/23/2018,4:49:27 PM,81,103.514,35.0089798,34.92850494,35.8336525,36.18702316,34.66371918,36.15287018,37.70299149
4/23/2018,4:49:27 PM,351,103.784,34.98599243,34.85948563,35.78798294,36.20978546,34.70981216,36.13009644,37.61300278
4/23/2018,4:49:27 PM,621,104.054,35.07791519,34.83647156,35.81081772,36.16425323,34.73284912,36.18702316,37.60174942
4/23/2018,4:49:27 PM,891,104.324,35.05493927,34.90550613,35.89071655,36.17564011,34.75588608,36.20978546,37.59049606
4/23/2018,4:49:28 PM,162,104.595,35.05493927,34.8479805,35.81081772,36.18702316,34.68676758,36.18702316,37.60174942
4/23/2018,4:49:28 PM,702,105.135,35.06642914,34.95150375,35.89071655,36.19840622,34.76739883,36.2211647,37.68050003
4/23/2018,4:49:28 PM,972,105.405,35.04345322,34.89400101,35.89071655,36.18702316,34.76739883,36.18702316,37.62425613
4/23/2018,4:49:29 PM,243,105.676,34.98599243,34.81345367,35.79940033,36.18702316,34.64066696,36.15287018,37.62425613
4/23/2018,4:49:29 PM,783,106.216,35.07791519,34.87099457,35.85647964,36.2211647,34.81345367,36.20978546,37.62425613
4/23/2018,4:49:30 PM,54,106.487,35.08940125,34.92850494,35.86789322,36.27804947,34.83647156,36.26667404,37.69174576
4/23/2018,4:49:30 PM,324,106.757,35.16976929,34.99748611,35.93634796,36.30079651,34.91700745,36.26667404,37.69174576
4/23/2018,4:49:30 PM,594,107.027,35.1353302,34.94000626,35.94775391,36.30079651,34.85948563,36.24392319,37.60174942
4/23/2018,4:49:30 PM,864,107.297,35.14681244,34.97449875,35.97056198,36.35764313,34.89400101,36.23254395,37.59049606
4/23/2018,4:49:31 PM,135,107.568,35.07791519,34.85948563,35.87930679,36.2894249,34.69828796,36.20978546,37.65800476
4/23/2018,4:49:31 PM,675,108.108,35.02047348,34.79042816,35.79940033,36.17564011,34.69828796,36.09592819,37.61300278
4/23/2018,4:49:31 PM,945,108.378,35.0089798,34.81345367,35.8336525,36.16425323,34.76739883,36.13009644,37.60174942
4/23/2018,4:49:32 PM,216,108.649,35.11236954,34.82496262,35.84506607,36.24392319,34.80194092,36.20978546,37.62425613
4/23/2018,4:49:32 PM,486,108.919,35.06642914,34.87099457,35.85647964,36.24392319,34.69828796,36.2211647,37.57923889
4/23/2018,4:49:32 PM,756,109.189,35.11236954,34.96300125,35.86789322,36.2211647,34.76739883,36.23254395,37.69174576
4/23/2018,4:49:33 PM,27,109.46,35.05493927,34.8479805,35.81081772,36.17564011,34.69828796,36.17564011,37.57923889
4/23/2018,4:49:33 PM,567,110,35.03196335,34.89400101,35.91353607,36.23254395,34.72133255,36.2211647,37.59049606
4/23/2018,4:49:33 PM,837,110.27,35.03196335,34.8479805,35.85647964,36.18702316,34.74436951,36.15287018,37.57923889
4/23/2018,4:49:34 PM,108,110.541,35.10088348,34.89400101,35.87930679,36.18702316,34.80194092,36.17564011,37.56798553
4/23/2018,4:49:34 PM,378,110.811,35.07791519,34.91700745,35.92494202,36.19840622,34.77891541,36.2211647,37.55672836
4/23/2018,4:49:34 PM,648,111.081,35.11236954,34.97449875,35.95915604,36.25529861,34.82496262,36.25529861,37.57923889
4/23/2018,4:49:34 PM,918,111.351,35.11236954,35.0089798,35.95915604,36.32353973,34.80194092,36.25529861,37.48916245
4/23/2018,4:49:35 PM,459,111.892,35.10088348,34.87099457,35.90212631,36.30079651,34.76739883,36.23254395,37.50042343
4/23/2018,4:49:35 PM,729,112.162,35.10088348,34.91700745,35.93634796,36.23254395,34.75588608,36.19840622,37.46663284
4/23/2018,4:49:35 PM,999,112.432,35.07791519,34.96300125,35.90212631,36.26667404,34.85948563,36.19840622,37.52294922
4/23/2018,4:49:36 PM,270,112.703,35.07791519,34.85948563,35.85647964,36.19840622,34.72133255,36.2211647,37.56798553
4/23/2018,4:49:36 PM,540,112.973,35.04345322,34.90550613,35.89071655,36.20978546,34.76739883,36.18702316,37.59049606
4/23/2018,4:49:37 PM,81,113.514,35.03196335,34.88249969,35.87930679,36.23254395,34.76739883,36.18702316,37.51168823
4/23/2018,4:49:37 PM,351,113.784,35.10088348,34.95150375,35.91353607,36.2211647,34.82496262,36.19840622,37.55672836
4/23/2018,4:49:37 PM,621,114.054,35.1812439,34.92850494,35.97056198,36.24392319,34.85948563,36.25529861,37.54546738
4/23/2018,4:49:37 PM,891,114.324,35.05493927,34.88249969,35.87930679,36.18702316,34.76739883,36.16425323,37.48916245
4/23/2018,4:49:38 PM,162,114.595,35.03196335,34.90550613,35.87930679,36.17564011,34.73284912,36.15287018,37.53421021
4/23/2018,4:49:38 PM,432,114.865,35.12385178,34.95150375,35.86789322,36.2211647,34.80194092,36.19840622,37.55672836
4/23/2018,4:49:38 PM,702,115.135,35.02047348,34.87099457,35.86789322,36.17564011,34.72133255,36.16425323,37.52294922
4/23/2018,4:49:38 PM,972,115.405,35.0089798,34.88249969,35.81081772,36.17564011,34.75588608,36.13009644,37.61300278
4/23/2018,4:49:39 PM,513,115.946,35.02047348,34.88249969,35.77656174,36.18702316,34.74436951,36.10731888,37.57923889
4/23/2018,4:49:39 PM,783,116.216,34.99748611,34.92850494,35.86789322,36.2211647,34.70981216,36.13009644,37.62425613
4/23/2018,4:49:40 PM,54,116.487,35.0089798,34.85948563,35.79940033,36.19840622,34.74436951,36.09592819,37.77043915
4/23/2018,4:49:40 PM,324,116.757,34.96300125,34.82496262,35.71944427,36.10731888,34.67524338,36.050354,37.73672104
4/23/2018,4:49:40 PM,594,117.027,35.03196335,34.85948563,35.81081772,36.15287018,34.72133255,36.07314301,37.72547913
4/23/2018,4:49:40 PM,864,117.297,34.92850494,34.85948563,35.74229431,36.07314301,34.55995178,36.0389595,37.70299149
4/23/2018,4:49:41 PM,135,117.568,34.90550613,34.82496262,35.77656174,36.0617485,34.62913895,36.0617485,37.73672104
4/23/2018,4:49:41 PM,675,118.108,34.89400101,34.77891541,35.71944427,36.050354,34.58301926,36.01616287,37.75920105
4/23/2018,4:49:41 PM,945,118.378,34.92850494,34.77891541,35.74229431,36.08453369,34.64066696,36.050354,37.68050003
4/23/2018,4:49:42 PM,216,118.649,34.90550613,34.81345367,35.73086929,36.050354,34.58301926,36.01616287,37.74796295
4/23/2018,4:49:42 PM,486,118.919,34.94000626,34.79042816,35.73086929,36.02756119,34.59455109,36.00476456,37.74796295
4/23/2018,4:49:42 PM,756,119.189,34.99748611,34.88249969,35.77656174,36.0617485,34.65219498,36.09592819,37.7142334
4/23/2018,4:49:43 PM,27,119.46,34.95150375,34.83647156,35.70801926,36.09592819,34.66371918,36.10731888,37.70299149
4/23/2018,4:49:43 PM,297,119.73,34.95150375,34.85948563,35.81081772,36.10731888,34.66371918,36.09592819,37.68050003
4/23/2018,4:49:43 PM,567,120,34.89400101,34.87099457,35.84506607,36.15287018,34.65219498,36.09592819,37.63550568
4/23/2018,4:49:44 PM,108,120.541,34.89400101,34.85948563,35.8336525,36.10731888,34.66371918,36.08453369,37.72547913
4/23/2018,4:49:44 PM,378,120.811,34.91700745,34.88249969,35.81081772,36.07314301,34.65219498,36.10731888,37.61300278
4/23/2018,4:49:44 PM,648,121.081,34.99748611,34.89400101,35.81081772,36.07314301,34.79042816,36.13009644,37.65800476
4/23/2018,4:49:44 PM,918,121.351,34.97449875,34.85948563,35.79940033,36.050354,34.72133255,36.10731888,37.63550568
4/23/2018,4:49:45 PM,189,121.622,34.98599243,34.77891541,35.70801926,35.97056198,34.74436951,36.08453369,37.62425613
4/23/2018,4:49:45 PM,459,121.892,35.07791519,34.88249969,35.84506607,35.99336624,34.77891541,36.14148331,37.62425613
4/23/2018,4:49:45 PM,729,122.162,35.0089798,34.89400101,35.79940033,35.99336624,34.80194092,36.11870575,37.60174942
4/23/2018,4:49:46 PM,270,122.703,35.07791519,34.83647156,35.85647964,36.10731888,34.83647156,36.14148331,37.6692543
4/23/2018,4:49:46 PM,540,122.973,35.07791519,34.79042816,35.76514053,36.10731888,34.74436951,36.15287018,37.7142334
4/23/2018,4:49:46 PM,810,123.243,35.04345322,34.76739883,35.74229431,36.09592819,34.70981216,36.10731888,37.69174576
4/23/2018,4:49:47 PM,81,123.514,35.08940125,34.81345367,35.77656174,36.0389595,34.73284912,36.13009644,37.72547913
4/23/2018,4:49:47 PM,351,123.784,35.08940125,34.83647156,35.73086929,36.0617485,34.81345367,36.14148331,37.68050003
4/23/2018,4:49:47 PM,621,124.054,35.06642914,34.77891541,35.70801926,36.09592819,34.70981216,36.13009644,37.63550568
4/23/2018,4:49:47 PM,891,124.324,35.06642914,34.8479805,35.70801926,36.050354,34.75588608,36.10731888,37.68050003
4/23/2018,4:49:48 PM,432,124.865,35.02047348,34.83647156,35.74229431,36.0617485,34.72133255,36.13009644,37.54546738
4/23/2018,4:49:48 PM,702,125.135,35.05493927,34.81345367,35.75371933,36.08453369,34.70981216,36.18702316,37.57923889
4/23/2018,4:49:48 PM,972,125.405,35.11236954,34.83647156,35.86789322,36.18702316,34.74436951,36.20978546,37.63550568
4/23/2018,4:49:49 PM,243,125.676,35.07791519,34.85948563,35.81081772,36.16425323,34.72133255,36.14148331,37.56798553
4/23/2018,4:49:49 PM,513,125.946,35.02047348,34.8479805,35.85647964,36.23254395,34.68676758,36.17564011,37.57923889
4/23/2018,4:49:49 PM,783,126.216,35.12385178,34.97449875,35.90212631,36.2894249,34.83647156,36.26667404,37.53421021
4/23/2018,4:49:50 PM,54,126.487,35.07791519,34.96300125,35.85647964,36.25529861,34.77891541,36.20978546,37.54546738
4/23/2018,4:49:50 PM,324,126.757,35.0089798,34.85948563,35.74229431,36.18702316,34.72133255,36.13009644,37.52294922
4/23/2018,4:49:50 PM,594,127.027,34.98599243,34.81345367,35.71944427,36.19840622,34.65219498,36.09592819,37.53421021
4/23/2018,4:49:51 PM,135,127.568,34.97449875,34.80194092,35.74229431,36.20978546,34.6060791,36.09592819,37.54546738
4/23/2018,4:49:51 PM,405,127.838,35.0089798,34.88249969,35.81081772,36.23254395,34.72133255,36.13009644,37.55672836
4/23/2018,4:49:51 PM,675,128.108,34.99748611,34.87099457,35.77656174,36.18702316,34.70981216,36.11870575,37.59049606
4/23/2018,4:49:51 PM,945,128.378,35.0089798,34.94000626,35.81081772,36.18702316,34.69828796,36.16425323,37.56798553
4/23/2018,4:49:52 PM,216,128.649,35.02047348,34.92850494,35.76514053,36.19840622,34.79042816,36.15287018,37.48916245
4/23/2018,4:49:52 PM,486,128.919,35.11236954,34.96300125,35.85647964,36.23254395,34.8479805,36.19840622,37.54546738
4/23/2018,4:49:52 PM,756,129.189,35.11236954,34.91700745,35.85647964,36.2211647,34.76739883,36.16425323,37.47789764
4/23/2018,4:49:53 PM,297,129.73,35.10088348,34.89400101,35.76514053,36.23254395,34.75588608,36.11870575,37.53421021
4/23/2018,4:49:53 PM,567,130,35.04345322,34.90550613,35.82223511,36.20978546,34.77891541,36.13009644,37.57923889
4/23/2018,4:49:53 PM,837,130.27,35.11236954,34.94000626,35.87930679,36.26667404,34.76739883,36.17564011,37.54546738
4/23/2018,4:49:54 PM,108,130.541,35.11236954,34.94000626,35.84506607,36.27804947,34.76739883,36.17564011,37.59049606
4/23/2018,4:49:54 PM,378,130.811,35.10088348,34.99748611,35.86789322,36.32353973,34.82496262,36.23254395,37.54546738
4/23/2018,4:49:54 PM,648,131.081,35.07791519,34.95150375,35.90212631,36.31216812,34.75588608,36.20978546,37.50042343
4/23/2018,4:49:54 PM,918,131.351,35.07791519,34.98599243,35.89071655,36.26667404,34.76739883,36.19840622,37.46663284
4/23/2018,4:49:55 PM,459,131.892,35.08940125,34.96300125,35.87930679,36.30079651,34.72133255,36.23254395,37.52294922
4/23/2018,4:49:55 PM,729,132.162,35.14681244,35.04345322,35.87930679,36.30079651,34.79042816,36.24392319,37.56798553
4/23/2018,4:49:55 PM,999,132.432,35.15829086,34.97449875,35.89071655,36.27804947,34.75588608,36.2211647,37.55672836
4/23/2018,4:49:56 PM,270,132.703,35.08940125,34.90550613,35.79940033,36.23254395,34.74436951,36.14148331,37.62425613
4/23/2018,4:49:56 PM,540,132.973,35.1353302,35.02047348,35.84506607,36.2894249,34.79042816,36.17564011,37.61300278
4/23/2018,4:49:57 PM,81,133.514,35.14681244,34.98599243,35.89071655,36.34627914,34.81345367,36.23254395,37.50042343
4/23/2018,4:49:57 PM,351,133.784,35.10088348,34.96300125,35.85647964,36.26667404,34.81345367,36.17564011,37.55672836
4/23/2018,4:49:57 PM,621,134.054,35.10088348,34.95150375,35.85647964,36.26667404,34.76739883,36.16425323,37.55672836
4/23/2018,4:49:57 PM,891,134.324,35.11236954,34.90550613,35.85647964,36.2211647,34.67524338,36.17564011,37.52294922
4/23/2018,4:49:58 PM,432,134.865,35.04345322,34.88249969,35.77656174,36.17564011,34.72133255,36.14148331,37.54546738
4/23/2018,4:49:58 PM,702,135.135,35.1353302,34.99748611,35.8336525,36.26667404,34.8479805,36.24392319,37.54546738
4/23/2018,4:49:58 PM,972,135.405,35.11236954,34.96300125,35.8336525,36.19840622,34.76739883,36.23254395,37.51168823
4/23/2018,4:49:59 PM,243,135.676,35.11236954,34.92850494,35.84506607,36.2211647,34.70981216,36.20978546,37.50042343
4/23/2018,4:49:59 PM,513,135.946,35.07791519,34.96300125,35.79940033,36.24392319,34.72133255,36.20978546,37.47789764
4/23/2018,4:50:00 PM,54,136.487,35.11236954,34.99748611,35.8336525,36.25529861,34.79042816,36.20978546,37.47789764
4/23/2018,4:50:00 PM,324,136.757,35.06642914,34.91700745,35.77656174,36.26667404,34.70981216,36.15287018,37.48916245
4/23/2018,4:50:00 PM,594,137.027,35.06642914,34.98599243,35.8336525,36.24392319,34.73284912,36.18702316,37.47789764
4/23/2018,4:50:01 PM,135,137.568,34.98599243,34.83647156,35.71944427,36.10731888,34.61761093,36.050354,37.48916245
4/23/2018,4:50:01 PM,405,137.838,35.03196335,34.89400101,35.71944427,36.16425323,34.62913895,36.09592819,37.54546738
4/23/2018,4:50:01 PM,675,138.108,35.03196335,34.8479805,35.73086929,36.13009644,34.68676758,36.09592819,37.50042343
4/23/2018,4:50:01 PM,945,138.378,35.05493927,34.90550613,35.77656174,36.13009644,34.69828796,36.07314301,37.45536423
4/23/2018,4:50:02 PM,486,138.919,35.02047348,34.88249969,35.68516159,36.10731888,34.66371918,36.07314301,37.42156219
4/23/2018,4:50:02 PM,756,139.189,35.07791519,34.89400101,35.77656174,36.16425323,34.69828796,36.11870575,37.43283081
4/23/2018,4:50:03 PM,27,139.46,35.0089798,34.85948563,35.70801926,36.13009644,34.66371918,36.050354,37.39901733
4/23/2018,4:50:03 PM,297,139.73,35.04345322,34.85948563,35.70801926,36.08453369,34.72133255,36.0389595,37.44409943
4/23/2018,4:50:03 PM,567,140,35.10088348,34.92850494,35.77656174,36.18702316,34.69828796,36.09592819,37.48916245
4/23/2018,4:50:03 PM,837,140.27,35.04345322,34.87099457,35.75371933,36.15287018,34.66371918,36.07314301,37.45536423
4/23/2018,4:50:04 PM,378,140.811,35.04345322,34.85948563,35.81081772,36.17564011,34.69828796,36.08453369,37.44409943
4/23/2018,4:50:04 PM,648,141.081,35.05493927,34.87099457,35.77656174,36.14148331,34.66371918,36.07314301,37.3539238
4/23/2018,4:50:04 PM,918,141.351,35.0089798,34.83647156,35.71944427,36.13009644,34.61761093,36.0617485,37.3877449
4/23/2018,4:50:05 PM,189,141.622,35.02047348,34.89400101,35.76514053,36.15287018,34.65219498,36.10731888,37.43283081
4/23/2018,4:50:05 PM,459,141.892,34.99748611,34.89400101,35.75371933,36.15287018,34.68676758,36.11870575,37.43283081
4/23/2018,4:50:05 PM,999,142.432,35.10088348,34.96300125,35.82223511,36.18702316,34.69828796,36.20978546,37.36520004
4/23/2018,4:50:06 PM,270,142.703,35.2730217,35.10088348,35.99336624,36.35764313,34.88249969,36.34627914,37.48916245
4/23/2018,4:50:06 PM,540,142.973,35.25008392,35.08940125,35.93634796,36.34627914,34.89400101,36.32353973,37.45536423
4/23/2018,4:50:07 PM,81,143.514,35.25008392,35.05493927,35.94775391,36.36901093,34.87099457,36.32353973,37.44409943
4/23/2018,4:50:07 PM,351,143.784,35.20419693,35.06642914,35.89071655,36.31216812,34.82496262,36.31216812,37.45536423
4/23/2018,4:50:07 PM,621,144.054,35.21566772,35.08940125,35.95915604,36.31216812,34.87099457,36.32353973,37.41028976
4/23/2018,4:50:07 PM,891,144.324,35.25008392,35.06642914,36.0389595,36.33490753,34.85948563,36.32353973,37.46663284
4/23/2018,4:50:08 PM,162,144.595,35.1812439,35.02047348,35.90212631,36.2894249,34.82496262,36.24392319,37.47789764
4/23/2018,4:50:08 PM,432,144.865,35.20419693,35.11236954,35.97056198,36.31216812,34.96300125,36.31216812,37.44409943
4/23/2018,4:50:08 PM,972,145.405,35.21566772,35.11236954,35.97056198,36.34627914,34.90550613,36.31216812,37.46663284
4/23/2018,4:50:09 PM,243,145.676,35.31888199,35.08940125,36.00476456,36.40310287,34.88249969,36.34627914,37.39901733
4/23/2018,4:50:09 PM,513,145.946,35.22714233,35.08940125,35.92494202,36.33490753,34.88249969,36.26667404,37.47789764
4/23/2018,4:50:09 PM,783,146.216,35.19272232,34.99748611,35.90212631,36.33490753,34.83647156,36.24392319,37.45536423
4/23/2018,4:50:10 PM,54,146.487,35.16976929,35.02047348,35.84506607,36.33490753,34.80194092,36.20978546,37.51168823
4/23/2018,4:50:10 PM,324,146.757,35.2615509,35.10088348,35.99336624,36.39174271,34.95150375,36.2894249,37.50042343
4/23/2018,4:50:10 PM,864,147.297,35.16976929,35.03196335,35.85647964,36.33490753,34.81345367,36.20978546,37.53421021
4/23/2018,4:50:11 PM,135,147.568,35.14681244,34.96300125,35.87930679,36.2894249,34.80194092,36.19840622,37.47789764
4/23/2018,4:50:11 PM,405,147.838,35.15829086,34.91700745,35.85647964,36.30079651,34.77891541,36.2211647,37.43283081
4/23/2018,4:50:11 PM,675,148.108,35.14681244,34.95150375,35.90212631,36.30079651,34.79042816,36.16425323,37.50042343
4/23/2018,4:50:11 PM,945,148.378,35.12385178,34.99748611,35.84506607,36.27804947,34.82496262,36.18702316,37.41028976
4/23/2018,4:50:12 PM,486,148.919,35.06642914,34.92850494,35.81081772,36.18702316,34.67524338,36.14148331,37.3877449
4/23/2018,4:50:12 PM,756,149.189,35.14681244,35.03196335,35.92494202,36.2211647,34.81345367,36.19840622,37.47789764
4/23/2018,4:50:13 PM,27,149.46,35.21566772,35.02047348,35.95915604,36.27804947,34.8479805,36.23254395,37.39901733
4/23/2018,4:50:13 PM,297,149.73,35.16976929,35.10088348,35.94775391,36.27804947,34.90550613,36.25529861,37.37647247
4/23/2018,4:50:13 PM,567,150,35.2730217,35.08940125,35.94775391,36.2894249,34.88249969,36.2894249,37.41028976
4/23/2018,4:50:13 PM,837,150.27,35.19272232,35.08940125,35.95915604,36.32353973,34.85948563,36.30079651,37.36520004
4/23/2018,4:50:14 PM,108,150.541,35.1812439,35.04345322,35.95915604,36.31216812,34.83647156,36.31216812,37.32009125
4/23/2018,4:50:14 PM,648,151.081,35.16976929,35.05493927,35.92494202,36.30079651,34.89400101,36.24392319,37.32009125
4/23/2018,4:50:14 PM,918,151.351,35.15829086,35.05493927,35.89071655,36.27804947,34.89400101,36.25529861,37.32009125
4/23/2018,4:50:15 PM,189,151.622,35.14681244,35.08940125,35.91353607,36.26667404,34.89400101,36.24392319,37.34264755
4/23/2018,4:50:15 PM,459,151.892,35.22714233,35.14681244,35.97056198,36.30079651,34.97449875,36.2894249,37.39901733
4/23/2018,4:50:15 PM,729,152.162,35.14681244,35.02047348,35.87930679,36.2211647,34.8479805,36.24392319,37.42156219
4/23/2018,4:50:15 PM,999,152.432,35.14681244,35.04345322,35.89071655,36.23254395,34.81345367,36.2211647,37.29753113
4/23/2018,4:50:16 PM,540,152.973,35.11236954,34.97449875,35.76514053,36.14148331,34.81345367,36.13009644,37.28624725
4/23/2018,4:50:16 PM,810,153.243,35.12385178,35.0089798,35.85647964,36.11870575,34.83647156,36.15287018,37.34264755
4/23/2018,4:50:17 PM,81,153.514,35.12385178,34.97449875,35.91353607,36.20978546,34.82496262,36.20978546,37.34264755
4/23/2018,4:50:17 PM,351,153.784,35.14681244,34.98599243,35.90212631,36.20978546,34.80194092,36.2211647,37.33136749
4/23/2018,4:50:17 PM,621,154.054,35.12385178,34.99748611,35.90212631,36.23254395,34.80194092,36.20978546,37.26368332
4/23/2018,4:50:17 PM,891,154.324,35.1353302,34.99748611,35.86789322,36.27804947,34.85948563,36.24392319,37.30881119
4/23/2018,4:50:18 PM,162,154.595,35.10088348,34.97449875,35.81081772,36.27804947,34.79042816,36.2211647,37.37647247
4/23/2018,4:50:18 PM,702,155.135,35.12385178,34.97449875,35.87930679,36.27804947,34.77891541,36.18702316,37.51168823
4/23/2018,4:50:18 PM,972,155.405,35.06642914,34.91700745,35.87930679,36.27804947,34.72133255,36.14148331,37.43283081
4/23/2018,4:50:19 PM,243,155.676,35.08940125,34.96300125,35.82223511,36.2894249,34.80194092,36.2211647,37.33136749
4/23/2018,4:50:19 PM,513,155.946,35.10088348,34.95150375,35.84506607,36.27804947,34.74436951,36.20978546,37.34264755
4/23/2018,4:50:19 PM,783,156.216,35.08940125,34.96300125,35.8336525,36.2894249,34.83647156,36.19840622,37.41028976
4/23/2018,4:50:20 PM,54,156.487,35.1353302,34.96300125,35.91353607,36.35764313,34.89400101,36.26667404,37.42156219
4/23/2018,4:50:20 PM,324,156.757,35.15829086,34.92850494,35.82223511,36.27804947,34.92850494,36.2211647,37.29753113
4/23/2018,4:50:20 PM,864,157.297,35.21566772,35.0089798,35.93634796,36.31216812,34.92850494,36.27804947,37.27496719
4/23/2018,4:50:21 PM,135,157.568,35.07791519,34.91700745,35.79940033,36.25529861,34.83647156,36.19840622,37.28624725
4/23/2018,4:50:21 PM,405,157.838,35.05493927,34.91700745,35.81081772,36.23254395,34.77891541,36.16425323,37.22982407
4/23/2018,4:50:21 PM,675,158.108,35.08940125,34.91700745,35.78798294,36.24392319,34.75588608,36.17564011,37.27496719
4/23/2018,4:50:21 PM,945,158.378,35.07791519,34.95150375,35.82223511,36.24392319,34.79042816,36.20978546,37.32009125
4/23/2018,4:50:22 PM,216,158.649,35.04345322,34.98599243,35.85647964,36.30079651,34.80194092,36.2211647,37.33136749
4/23/2018,4:50:22 PM,486,158.919,35.07791519,35.05493927,35.82223511,36.2894249,34.83647156,36.24392319,37.27496719
4/23/2018,4:50:22 PM,756,159.189,35.12385178,35.05493927,35.86789322,36.35764313,34.85948563,36.27804947,37.26368332
4/23/2018,4:50:23 PM,297,159.73,35.15829086,35.06642914,35.93634796,36.40310287,34.85948563,36.33490753,37.27496719
4/23/2018,4:50:23 PM,567,160,35.10088348,34.95150375,35.84506607,36.31216812,34.74436951,36.23254395,37.41028976
4/23/2018,4:50:23 PM,837,160.27,35.06642914,34.95150375,35.84506607,36.31216812,34.76739883,36.2211647,37.37647247
4/23/2018,4:50:24 PM,108,160.541,35.04345322,34.98599243,35.79940033,36.26667404,34.75588608,36.23254395,37.36520004
4/23/2018,4:50:24 PM,648,161.081,35.06642914,34.94000626,35.79940033,36.24392319,34.76739883,36.18702316,37.36520004
4/23/2018,4:50:24 PM,918,161.351,35.03196335,34.95150375,35.8336525,36.24392319,34.73284912,36.19840622,37.39901733
4/23/2018,4:50:25 PM,189,161.622,35.0089798,34.95150375,35.75371933,36.2211647,34.70981216,36.17564011,37.3539238
4/23/2018,4:50:25 PM,459,161.892,35.03196335,34.95150375,35.78798294,36.24392319,34.74436951,36.19840622,37.32009125
4/23/2018,4:50:25 PM,729,162.162,34.99748611,34.98599243,35.78798294,36.24392319,34.72133255,36.18702316,37.3877449
4/23/2018,4:50:25 PM,999,162.432,34.97449875,34.96300125,35.79940033,36.17564011,34.68676758,36.15287018,37.3539238
4/23/2018,4:50:26 PM,540,162.973,34.95150375,34.81345367,35.74229431,36.09592819,34.66371918,36.13009644,37.36520004
4/23/2018,4:50:26 PM,810,163.243,34.92850494,34.8479805,35.77656174,36.07314301,34.69828796,36.14148331,37.3877449
4/23/2018,4:50:27 PM,81,163.514,34.96300125,34.91700745,35.82223511,36.14148331,34.69828796,36.13009644,37.42156219
4/23/2018,4:50:27 PM,351,163.784,34.98599243,34.92850494,35.78798294,36.16425323,34.76739883,36.11870575,37.41028976
4/23/2018,4:50:27 PM,891,164.324,35.02047348,34.95150375,35.85647964,36.14148331,34.79042816,36.17564011,37.34264755
4/23/2018,4:50:28 PM,162,164.595,35.02047348,34.87099457,35.77656174,36.08453369,34.70981216,36.18702316,37.3539238
4/23/2018,4:50:28 PM,432,164.865,35.0089798,34.91700745,35.73086929,36.08453369,34.68676758,36.11870575,37.37647247
4/23/2018,4:50:28 PM,702,165.135,34.94000626,34.82496262,35.70801926,36.050354,34.66371918,36.10731888,37.50042343
4/23/2018,4:50:28 PM,972,165.405,34.96300125,34.85948563,35.69659042,36.09592819,34.74436951,36.10731888,37.41028976
4/23/2018,4:50:29 PM,243,165.676,34.91700745,34.79042816,35.65087128,36.08453369,34.6060791,36.0617485,37.39901733
4/23/2018,4:50:29 PM,513,165.946,34.97449875,34.95150375,35.73086929,36.18702316,34.69828796,36.15287018,37.36520004
4/23/2018,4:50:30 PM,54,166.487,34.99748611,34.99748611,35.77656174,36.23254395,34.74436951,36.18702316,37.41028976
4/23/2018,4:50:30 PM,324,166.757,34.98599243,34.90550613,35.74229431,36.2211647,34.70981216,36.14148331,37.39901733
4/23/2018,4:50:30 PM,594,167.027,35.02047348,34.92850494,35.81081772,36.24392319,34.72133255,36.16425323,37.30881119
4/23/2018,4:50:30 PM,864,167.297,34.95150375,34.87099457,35.69659042,36.19840622,34.62913895,36.16425323,37.33136749
4/23/2018,4:50:31 PM,135,167.568,34.96300125,34.88249969,35.75371933,36.20978546,34.64066696,36.13009644,37.3539238
4/23/2018,4:50:31 PM,405,167.838,35.06642914,34.98599243,35.8336525,36.26667404,34.75588608,36.19840622,37.36520004
4/23/2018,4:50:31 PM,675,168.108,35.03196335,34.94000626,35.78798294,36.19840622,34.67524338,36.17564011,37.42156219
4/23/2018,4:50:32 PM,216,168.649,34.99748611,34.89400101,35.75371933,36.17564011,34.64066696,36.13009644,37.42156219
4/23/2018,4:50:32 PM,486,168.919,35.0089798,34.91700745,35.76514053,36.18702316,34.72133255,36.17564011,37.41028976
4/23/2018,4:50:32 PM,756,169.189,35.0089798,34.94000626,35.77656174,36.20978546,34.70981216,36.15287018,37.41028976
4/23/2018,4:50:33 PM,27,169.46,35.02047348,34.8479805,35.71944427,36.2211647,34.72133255,36.18702316,37.43283081
4/23/2018,4:50:33 PM,297,169.73,35.04345322,34.94000626,35.78798294,36.26667404,34.76739883,36.16425323,37.43283081
4/23/2018,4:50:33 PM,837,170.27,35.0089798,34.83647156,35.68516159,36.20978546,34.73284912,36.14148331,37.41028976
4/23/2018,4:50:34 PM,108,170.541,35.05493927,34.87099457,35.76514053,36.24392319,34.74436951,36.15287018,37.43283081
4/23/2018,4:50:34 PM,378,170.811,35.06642914,34.90550613,35.82223511,36.2211647,34.81345367,36.18702316,37.48916245
4/23/2018,4:50:34 PM,648,171.081,35.0089798,34.88249969,35.74229431,36.14148331,34.72133255,36.10731888,37.50042343
4/23/2018,4:50:34 PM,918,171.351,35.02047348,34.85948563,35.71944427,36.17564011,34.73284912,36.11870575,37.44409943
4/23/2018,4:50:35 PM,189,171.622,34.95150375,34.88249969,35.73086929,36.15287018,34.62913895,36.09592819,37.46663284
4/23/2018,4:50:35 PM,459,171.892,34.99748611,34.87099457,35.75371933,36.14148331,34.6060791,36.11870575,37.3539238
4/23/2018,4:50:35 PM,999,172.432,34.97449875,34.90550613,35.74229431,36.09592819,34.67524338,36.11870575,37.36520004
4/23/2018,4:50:36 PM,270,172.703,35.02047348,34.90550613,35.76514053,36.15287018,34.69828796,36.15287018,37.36520004
4/23/2018,4:50:36 PM,540,172.973,35.02047348,34.87099457,35.75371933,36.16425323,34.76739883,36.14148331,37.36520004
4/23/2018,4:50:36 PM,810,173.243,35.04345322,34.8479805,35.68516159,36.18702316,34.73284912,36.16425323,37.41028976
4/23/2018,4:50:37 PM,81,173.514,34.92850494,34.81345367,35.74229431,36.08453369,34.64066696,36.07314301,37.43283081
4/23/2018,4:50:37 PM,351,173.784,34.95150375,34.82496262,35.70801926,36.08453369,34.66371918,36.050354,37.3877449
4/23/2018,4:50:37 PM,621,174.054,34.97449875,34.89400101,35.76514053,36.10731888,34.72133255,36.10731888,37.42156219
4/23/2018,4:50:38 PM,162,174.595,34.91700745,34.74436951,35.61656952,36.07314301,34.59455109,36.050354,37.50042343
4/23/2018,4:50:38 PM,432,174.865,34.88249969,34.74436951,35.61656952,36.050354,34.53688049,36.0389595,37.41028976
4/23/2018,4:50:38 PM,702,175.135,34.89400101,34.76739883,35.65087128,35.99336624,34.55995178,36.0617485,37.42156219
4/23/2018,4:50:38 PM,972,175.405,34.91700745,34.80194092,35.70801926,35.99336624,34.62913895,36.0617485,37.39901733
4/23/2018,4:50:39 PM,243,175.676,34.90550613,34.77891541,35.69659042,36.0617485,34.61761093,36.0617485,37.3539238
4/23/2018,4:50:39 PM,783,176.216,34.94000626,34.76739883,35.61656952,36.0389595,34.61761093,36.00476456,37.33136749
4/23/2018,4:50:40 PM,54,176.487,34.80194092,34.70981216,35.63943863,36.01616287,34.54841614,35.97056198,37.33136749
4/23/2018,4:50:40 PM,324,176.757,34.83647156,34.67524338,35.59369659,36.050354,34.52534103,36.01616287,37.34264755
4/23/2018,4:50:40 PM,594,177.027,34.88249969,34.73284912,35.61656952,36.0617485,34.58301926,36.02756119,37.36520004
4/23/2018,4:50:40 PM,864,177.297,34.89400101,34.69828796,35.59369659,36.0617485,34.52534103,35.99336624,37.37647247
4/23/2018,4:50:41 PM,135,177.568,34.8479805,34.68676758,35.51360321,36.01616287,34.58301926,35.98196411,37.37647247
4/23/2018,4:50:41 PM,405,177.838,34.85948563,34.68676758,35.60513306,36.01616287,34.53688049,35.99336624,37.44409943
4/23/2018,4:50:41 PM,675,178.108,34.87099457,34.66371918,35.59369659,36.0389595,34.53688049,36.0389595,37.3877449
4/23/2018,4:50:41 PM,945,178.378,34.8479805,34.62913895,35.55937576,36.01616287,34.53688049,35.98196411,37.3877449
4/23/2018,4:50:42 PM,486,178.919,34.83647156,34.62913895,35.54793549,35.95915604,34.51380157,35.94775391,37.44409943
4/23/2018,4:50:42 PM,756,179.189,34.87099457,34.69828796,35.58225632,35.95915604,34.54841614,35.97056198,37.46663284
4/23/2018,4:50:43 PM,27,179.46,34.83647156,34.65219498,35.53649139,35.98196411,34.52534103,35.98196411,37.3539238
4/23/2018,4:50:43 PM,297,179.73,34.85948563,34.67524338,35.54793549,35.95915604,34.57148361,35.91353607,37.3877449
4/23/2018,4:50:43 PM,567,180,34.87099457,34.69828796,35.57081604,35.99336624,34.59455109,35.97056198,37.43283081
4/23/2018,4:50:43 PM,837,180.27,34.91700745,34.65219498,35.58225632,35.94775391,34.61761093,35.97056198,37.51168823
4/23/2018,4:50:44 PM,108,180.541,34.96300125,34.77891541,35.70801926,36.02756119,34.61761093,36.050354,37.51168823
4/23/2018,4:50:44 PM,378,180.811,34.97449875,34.82496262,35.73086929,36.09592819,34.74436951,36.07314301,37.46663284
4/23/2018,4:50:44 PM,918,181.351,34.90550613,34.75588608,35.69659042,36.02756119,34.61761093,36.02756119,37.43283081
4/23/2018,4:50:45 PM,189,181.622,34.82496262,34.67524338,35.63943863,35.93634796,34.50226212,35.97056198,37.43283081
4/23/2018,4:50:45 PM,459,181.892,34.90550613,34.68676758,35.63943863,35.93634796,34.57148361,35.98196411,37.39901733
4/23/2018,4:50:45 PM,729,182.162,34.91700745,34.77891541,35.69659042,35.93634796,34.55995178,36.02756119,37.47789764
4/23/2018,4:50:45 PM,999,182.432,34.92850494,34.76739883,35.73086929,36.01616287,34.57148361,36.09592819,37.36520004
4/23/2018,4:50:46 PM,270,182.703,34.81345367,34.62913895,35.58225632,35.8336525,34.47917938,35.94775391,37.43283081
4/23/2018,4:50:46 PM,540,182.973,34.79042816,34.66371918,35.59369659,35.85647964,34.47917938,35.97056198,37.46663284
4/23/2018,4:50:47 PM,81,183.514,34.80194092,34.67524338,35.58225632,35.91353607,34.49072266,35.93634796,37.53421021
4/23/2018,4:50:47 PM,351,183.784,34.75588608,34.69828796,35.61656952,35.90212631,34.49072266,35.92494202,37.41028976
4/23/2018,4:50:47 PM,621,184.054,34.75588608,34.68676758,35.59369659,35.91353607,34.39835739,35.92494202,37.42156219
4/23/2018,4:50:47 PM,891,184.324,34.70981216,34.74436951,35.62800217,35.95915604,34.50226212,35.94775391,37.39901733
4/23/2018,4:50:48 PM,162,184.595,34.77891541,34.74436951,35.63943863,36.01616287,34.46763611,35.95915604,37.37647247
4/23/2018,4:50:48 PM,432,184.865,34.83647156,34.72133255,35.63943863,36.0389595,34.47917938,35.98196411,37.37647247
4/23/2018,4:50:48 PM,702,185.135,34.77891541,34.69828796,35.54793549,36.01616287,34.44454956,35.95915604,37.37647247
4/23/2018,4:50:48 PM,972,185.405,34.82496262,34.77891541,35.70801926,36.07314301,34.49072266,36.050354,37.32009125
4/23/2018,4:50:49 PM,513,185.946,34.89400101,34.8479805,35.73086929,36.13009644,34.57148361,36.08453369,37.34264755
4/23/2018,4:50:49 PM,783,186.216,34.87099457,34.80194092,35.68516159,36.15287018,34.52534103,36.08453369,37.32009125
4/23/2018,4:50:50 PM,54,186.487,34.90550613,34.83647156,35.69659042,36.11870575,34.57148361,36.11870575,37.3877449
4/23/2018,4:50:50 PM,324,186.757,34.85948563,34.79042816,35.67373276,36.08453369,34.54841614,36.0617485,37.30881119
4/23/2018,4:50:50 PM,594,187.027,34.92850494,34.82496262,35.71944427,36.10731888,34.55995178,36.10731888,37.36520004
4/23/2018,4:50:51 PM,135,187.568,34.8479805,34.81345367,35.65087128,36.09592819,34.54841614,36.050354,37.34264755
4/23/2018,4:50:51 PM,405,187.838,34.85948563,34.82496262,35.70801926,36.13009644,34.58301926,36.07314301,37.30881119
4/23/2018,4:50:51 PM,675,188.108,34.95150375,34.89400101,35.76514053,36.2211647,34.68676758,36.11870575,37.32009125
4/23/2018,4:50:51 PM,945,188.378,34.89400101,34.81345367,35.73086929,36.11870575,34.53688049,36.0617485,37.3539238
4/23/2018,4:50:52 PM,486,188.919,34.91700745,34.83647156,35.70801926,36.15287018,34.62913895,36.09592819,37.34264755
4/23/2018,4:50:52 PM,756,189.189,34.8479805,34.83647156,35.70801926,36.07314301,34.57148361,36.050354,37.42156219
4/23/2018,4:50:53 PM,27,189.46,34.98599243,34.90550613,35.75371933,36.15287018,34.65219498,36.15287018,37.36520004
4/23/2018,4:50:53 PM,297,189.73,34.91700745,34.85948563,35.75371933,36.050354,34.57148361,36.07314301,37.36520004
4/23/2018,4:50:53 PM,567,190,34.88249969,34.83647156,35.69659042,36.0389595,34.59455109,36.0617485,37.34264755
4/23/2018,4:50:53 PM,837,190.27,34.91700745,34.91700745,35.71944427,36.08453369,34.59455109,36.13009644,37.29753113
4/23/2018,4:50:54 PM,108,190.541,34.90550613,34.89400101,35.70801926,36.09592819,34.57148361,36.11870575,37.34264755
4/23/2018,4:50:54 PM,648,191.081,34.96300125,34.91700745,35.75371933,36.17564011,34.66371918,36.13009644,37.33136749
4/23/2018,4:50:54 PM,918,191.351,34.98599243,34.8479805,35.74229431,36.17564011,34.67524338,36.13009644,37.36520004
4/23/2018,4:50:55 PM,189,191.622,34.98599243,34.92850494,35.78798294,36.15287018,34.70981216,36.13009644,37.3539238
4/23/2018,4:50:55 PM,459,191.892,34.96300125,34.83647156,35.71944427,36.13009644,34.65219498,36.10731888,37.36520004
4/23/2018,4:50:55 PM,729,192.162,35.0089798,34.89400101,35.78798294,36.10731888,34.66371918,36.11870575,37.33136749
4/23/2018,4:50:56 PM,270,192.703,34.97449875,34.85948563,35.74229431,36.11870575,34.62913895,36.050354,37.29753113
4/23/2018,4:50:56 PM,540,192.973,34.98599243,34.8479805,35.70801926,36.09592819,34.61761093,36.07314301,37.32009125
4/23/2018,4:50:56 PM,810,193.243,34.91700745,34.76739883,35.65087128,36.10731888,34.57148361,36.0389595,37.29753113
4/23/2018,4:50:57 PM,81,193.514,34.92850494,34.83647156,35.67373276,36.07314301,34.58301926,36.050354,37.28624725
4/23/2018,4:50:57 PM,351,193.784,34.97449875,34.82496262,35.73086929,36.08453369,34.62913895,36.0617485,37.27496719
4/23/2018,4:50:57 PM,891,194.324,34.99748611,34.85948563,35.73086929,36.10731888,34.65219498,36.07314301,37.28624725
4/23/2018,4:50:58 PM,162,194.595,34.96300125,34.83647156,35.70801926,36.07314301,34.62913895,36.050354,37.32009125
4/23/2018,4:50:58 PM,432,194.865,34.92850494,34.85948563,35.73086929,36.07314301,34.64066696,36.08453369,37.33136749
4/23/2018,4:50:58 PM,702,195.135,35.03196335,34.88249969,35.77656174,36.10731888,34.70981216,36.09592819,37.3877449
4/23/2018,4:50:58 PM,972,195.405,34.98599243,34.96300125,35.86789322,36.14148331,34.64066696,36.11870575,37.36520004
4/23/2018,4:50:59 PM,243,195.676,35.03196335,34.92850494,35.74229431,36.11870575,34.67524338,36.07314301,37.34264755
4/23/2018,4:50:59 PM,513,195.946,34.99748611,34.82496262,35.73086929,36.0617485,34.62913895,36.10731888,37.41028976
4/23/2018,4:50:59 PM,783,196.216,34.98599243,34.80194092,35.73086929,36.02756119,34.61761093,36.08453369,37.37647247
4/23/2018,4:51:00 PM,324,196.757,34.97449875,34.81345367,35.73086929,36.08453369,34.61761093,36.11870575,37.36520004
4/23/2018,4:51:00 PM,594,197.027,34.98599243,34.82496262,35.79940033,36.10731888,34.6060791,36.15287018,37.32009125
4/23/2018,4:51:00 PM,864,197.297,34.92850494,34.8479805,35.71944427,36.08453369,34.6060791,36.07314301,37.34264755
4/23/2018,4:51:01 PM,135,197.568,34.94000626,34.87099457,35.76514053,36.10731888,34.61761093,36.09592819,37.41028976
4/23/2018,4:51:01 PM,405,197.838,34.87099457,34.74436951,35.62800217,36.07314301,34.54841614,36.0389595,37.3539238
4/23/2018,4:51:01 PM,675,198.108,34.95150375,34.8479805,35.73086929,36.07314301,34.55995178,36.07314301,37.3877449
4/23/2018,4:51:02 PM,216,198.649,34.94000626,34.89400101,35.74229431,36.10731888,34.53688049,36.0617485,37.37647247
4/23/2018,4:51:02 PM,486,198.919,34.96300125,34.91700745,35.77656174,36.14148331,34.58301926,36.07314301,37.45536423
4/23/2018,4:51:02 PM,756,199.189,34.99748611,34.92850494,35.77656174,36.16425323,34.68676758,36.14148331,37.39901733
4/23/2018,4:51:03 PM,27,199.46,35.04345322,34.94000626,35.8336525,36.13009644,34.64066696,36.13009644,37.43283081
4/23/2018,4:51:03 PM,567,200,34.91700745,34.92850494,35.74229431,36.07314301,34.53688049,36.0617485,37.43283081
4/23/2018,4:51:03 PM,837,200.27,34.95150375,34.91700745,35.77656174,36.02756119,34.62913895,36.07314301,37.47789764
4/23/2018,4:51:04 PM,108,200.541,34.97449875,34.99748611,35.76514053,36.09592819,34.66371918,36.13009644,37.44409943
4/23/2018,4:51:04 PM,378,200.811,34.96300125,34.91700745,35.82223511,36.07314301,34.61761093,36.10731888,37.44409943
4/23/2018,4:51:04 PM,648,201.081,34.98599243,34.90550613,35.75371933,36.10731888,34.64066696,36.09592819,37.37647247
4/23/2018,4:51:04 PM,918,201.351,34.91700745,34.95150375,35.71944427,36.02756119,34.62913895,36.0617485,37.43283081
4/23/2018,4:51:05 PM,189,201.622,34.91700745,34.91700745,35.71944427,36.01616287,34.59455109,36.050354,37.42156219
4/23/2018,4:51:05 PM,729,202.162,34.88249969,34.83647156,35.68516159,35.99336624,34.53688049,35.98196411,37.47789764
4/23/2018,4:51:05 PM,999,202.432,34.81345367,34.83647156,35.66230392,35.99336624,34.52534103,36.02756119,37.46663284
4/23/2018,4:51:06 PM,270,202.703,34.89400101,34.91700745,35.71944427,36.01616287,34.6060791,36.0389595,37.51168823
4/23/2018,4:51:06 PM,540,202.973,34.91700745,34.85948563,35.70801926,36.01616287,34.58301926,36.02756119,37.57923889
