Plot 2 FLIR USB Video,,,,,,,,,
,,,,,,,,,
,,,,Sp1.Value,Sp2.Value,Sp3.Value,Sp4.Value,Sp5.Value,Sp6.Value
Emissivity,,,,0.9499999881,0.9499999881,0.9499999881,0.9499999881,0.9499999881,0.9499999881
Distance,,,,1,1,1,1,1,1
Reflected temperature,,,,19.9999939,19.9999939,19.9999939,19.9999939,19.9999939,19.9999939
Location X,,,,32,284,285,165,29,114
Location Y,,,,117,60,115,118,58,118
Size X,,,,,,,,,
Size Y,,,,,,,,,
Surface (pixels),,,,,,,,,
,,,,,,,,,
Date,Time,Milliseconds,Relative time,Sp1.Value,Sp2.Value,Sp3.Value,Sp4.Value,Sp5.Value,Sp6.Value
4/20/2018,5:05:54 PM,918,0,25.51561737,25.50315857,25.24119186,26.02527809,25.09122467,24.4516201
4/20/2018,5:05:55 PM,189,0.271,25.49069786,25.51561737,25.2911377,26.03767967,25.09122467,24.47677231
4/20/2018,5:05:55 PM,459,0.541,25.4533062,25.42837334,25.19122505,26.05008125,25.02867889,24.43904305
4/20/2018,5:05:55 PM,999,1.081,25.46577072,25.46577072,25.19122505,26.0128746,25.09122467,24.40130234
4/20/2018,5:05:56 PM,270,1.352,25.51561737,25.47823524,25.2911377,26.06248093,25.09122467,24.4516201
4/20/2018,5:05:56 PM,540,1.622,25.41590309,25.44083977,25.25368118,26.0128746,25.0537014,24.40130234
4/20/2018,5:05:56 PM,810,1.892,25.51561737,25.51561737,25.27865219,26.06248093,25.15373421,24.47677231
4/20/2018,5:05:57 PM,81,2.163,25.49069786,25.47823524,25.25368118,26.03767967,25.16623306,24.46419716
4/20/2018,5:05:57 PM,351,2.433,25.57789421,25.46577072,25.20371819,26.07487869,25.19122505,24.42646408
4/20/2018,5:05:57 PM,621,2.703,25.57789421,25.51561737,25.25368118,26.11206627,25.17873001,24.51448822
4/20/2018,5:05:57 PM,891,2.973,25.47823524,25.47823524,25.24119186,26.03767967,25.11623192,24.43904305
4/20/2018,5:05:58 PM,432,3.514,25.47823524,25.52807617,25.24119186,26.05008125,25.12873459,24.41388321
4/20/2018,5:05:58 PM,702,3.784,25.51561737,25.47823524,25.22870255,26.03767967,25.11623192,24.42646408
4/20/2018,5:05:58 PM,972,4.054,25.44083977,25.44083977,25.24119186,26.03767967,25.07871819,24.37613297
4/20/2018,5:05:59 PM,243,4.325,25.4533062,25.42837334,25.15373421,26.02527809,25.02867889,24.35095978
4/20/2018,5:05:59 PM,513,4.595,25.36601257,25.41590309,25.09122467,25.95083618,25.01616478,24.31318855
4/20/2018,5:05:59 PM,783,4.865,25.35353661,25.37848854,25.12873459,25.95083618,25.00365067,24.31318855
4/20/2018,5:06:00 PM,53,5.135,25.41590309,25.44083977,25.19122505,25.97565651,25.06620979,24.33837128
4/20/2018,5:06:00 PM,324,5.406,25.37848854,25.36601257,25.10372925,25.92601204,24.95357704,24.27540398
4/20/2018,5:06:00 PM,594,5.676,25.31610107,25.4533062,25.16623306,25.95083618,25.00365067,24.32578087
4/20/2018,5:06:01 PM,135,6.217,25.34106064,25.34106064,25.10372925,25.9632473,24.96609688,24.31318855
4/20/2018,5:06:01 PM,405,6.487,25.30361938,25.42837334,25.11623192,25.93842506,24.99113464,24.32578087
4/20/2018,5:06:01 PM,675,6.757,25.32858086,25.39096069,25.14123535,25.9632473,24.96609688,24.37613297
4/20/2018,5:06:01 PM,945,7.027,25.27865219,25.32858086,25.06620979,25.92601204,24.92853355,24.32578087
4/20/2018,5:06:02 PM,216,7.298,25.26616669,25.26616669,25.02867889,25.88876534,24.90348244,24.2502079
4/20/2018,5:06:02 PM,486,7.568,25.24119186,25.27865219,25.0537014,25.87634659,24.87842751,24.2502079
4/20/2018,5:06:02 PM,756,7.838,25.26616669,25.39096069,25.06620979,25.90118217,24.9410553,24.26280594
4/20/2018,5:06:03 PM,26,8.108,25.30361938,25.31610107,25.10372925,25.90118217,24.92853355,24.28800011
4/20/2018,5:06:03 PM,567,8.649,25.17873001,25.27865219,25.02867889,25.87634659,24.89095497,24.2250061
4/20/2018,5:06:03 PM,837,8.919,25.19122505,25.27865219,24.99113464,25.85150528,24.916008,24.19979858
4/20/2018,5:06:04 PM,108,9.19,25.22870255,25.32858086,25.06620979,25.86392593,24.916008,24.28800011
4/20/2018,5:06:04 PM,378,9.46,25.21621132,25.24119186,25.00365067,25.85150528,24.89095497,24.26280594
4/20/2018,5:06:04 PM,648,9.73,25.26616669,25.26616669,25.07871819,25.87634659,24.90348244,24.2250061
4/20/2018,5:06:04 PM,918,10,25.30361938,25.41590309,25.10372925,25.90118217,25.00365067,24.27540398
4/20/2018,5:06:05 PM,189,10.271,25.22870255,25.36601257,25.11623192,25.93842506,24.97861671,24.28800011
4/20/2018,5:06:05 PM,459,10.541,25.16623306,25.27865219,25.0537014,25.90118217,24.90348244,24.2250061
4/20/2018,5:06:05 PM,999,11.081,25.15373421,25.34106064,25.04118919,25.87634659,24.97861671,24.23760796
4/20/2018,5:06:06 PM,270,11.352,25.17873001,25.32858086,25.09122467,25.91359711,24.92853355,24.28800011
4/20/2018,5:06:06 PM,540,11.622,25.12873459,25.27865219,24.97861671,25.86392593,24.87842751,24.19979858
4/20/2018,5:06:06 PM,810,11.892,25.16623306,25.25368118,25.02867889,25.88876534,24.87842751,24.21240234
4/20/2018,5:06:07 PM,81,12.163,25.14123535,25.30361938,25.07871819,25.91359711,24.916008,24.21240234
4/20/2018,5:06:07 PM,351,12.433,25.01616478,25.19122505,24.96609688,25.76451874,24.7530632,24.11152649
4/20/2018,5:06:07 PM,621,12.703,24.9410553,25.14123535,24.89095497,25.73965263,24.7154274,24.06105423
4/20/2018,5:06:07 PM,891,12.973,25.02867889,25.16623306,24.9410553,25.72721863,24.76560593,24.09890938
4/20/2018,5:06:08 PM,432,13.514,25.01616478,25.17873001,24.96609688,25.81423378,24.74052048,24.14936447
4/20/2018,5:06:08 PM,702,13.784,25.0537014,25.24119186,24.95357704,25.8018074,24.80322647,24.12413979
4/20/2018,5:06:08 PM,972,14.054,24.96609688,25.24119186,24.92853355,25.73965263,24.7530632,24.11152649
4/20/2018,5:06:09 PM,243,14.325,24.97861671,25.16623306,24.90348244,25.73965263,24.72797394,24.09890938
4/20/2018,5:06:09 PM,513,14.595,24.95357704,25.19122505,24.97861671,25.73965263,24.74052048,24.08629227
4/20/2018,5:06:09 PM,783,14.865,25.00365067,25.21621132,24.95357704,25.8018074,24.76560593,24.12413979
4/20/2018,5:06:10 PM,53,15.135,25.02867889,25.22870255,25.01616478,25.81423378,24.7530632,24.11152649
4/20/2018,5:06:10 PM,324,15.406,24.99113464,25.26616669,25.04118919,25.81423378,24.7530632,24.11152649
4/20/2018,5:06:10 PM,864,15.946,24.99113464,25.30361938,25.04118919,25.82665825,24.79068756,24.13675308
4/20/2018,5:06:11 PM,135,16.217,24.99113464,25.2911377,24.97861671,25.78937912,24.82829857,24.13675308
4/20/2018,5:06:11 PM,405,16.487,25.04118919,25.30361938,25.02867889,25.81423378,24.81576347,24.13675308
4/20/2018,5:06:11 PM,675,16.757,25.02867889,25.32858086,25.0537014,25.81423378,24.82829857,24.13675308
4/20/2018,5:06:11 PM,945,17.027,25.00365067,25.2911377,24.99113464,25.82665825,24.82829857,24.12413979
4/20/2018,5:06:12 PM,216,17.298,25.04118919,25.32858086,25.11623192,25.83908272,24.86589622,24.17458534
4/20/2018,5:06:12 PM,486,17.568,25.00365067,25.32858086,25.07871819,25.85150528,24.80322647,24.14936447
4/20/2018,5:06:13 PM,26,18.108,24.96609688,25.35353661,25.01616478,25.8018074,24.77814674,24.09890938
4/20/2018,5:06:13 PM,297,18.379,25.04118919,25.32858086,25.04118919,25.85150528,24.84083176,24.17458534
4/20/2018,5:06:13 PM,567,18.649,25.0537014,25.34106064,25.04118919,25.85150528,24.87842751,24.21240234
4/20/2018,5:06:13 PM,837,18.919,24.99113464,25.30361938,25.00365067,25.82665825,24.77814674,24.14936447
4/20/2018,5:06:14 PM,108,19.19,24.96609688,25.21621132,24.97861671,25.81423378,24.7530632,24.13675308
4/20/2018,5:06:14 PM,378,19.46,25.04118919,25.2911377,25.02867889,25.8018074,24.81576347,24.17458534
4/20/2018,5:06:14 PM,648,19.73,24.95357704,25.26616669,24.97861671,25.8018074,24.80322647,24.16197586
4/20/2018,5:06:14 PM,918,20,24.97861671,25.35353661,25.04118919,25.83908272,24.80322647,24.18719101
4/20/2018,5:06:15 PM,459,20.541,24.95357704,25.31610107,25.01616478,25.82665825,24.79068756,24.17458534
4/20/2018,5:06:15 PM,729,20.811,24.99113464,25.22870255,25.04118919,25.85150528,24.7154274,24.14936447
4/20/2018,5:06:15 PM,999,21.081,25.02867889,25.42837334,25.12873459,25.90118217,24.82829857,24.21240234
4/20/2018,5:06:16 PM,270,21.352,25.00365067,25.32858086,25.10372925,25.83908272,24.81576347,24.21240234
4/20/2018,5:06:16 PM,540,21.622,25.00365067,25.36601257,25.07871819,25.87634659,24.85336494,24.19979858
4/20/2018,5:06:16 PM,810,21.892,24.96609688,25.31610107,25.0537014,25.88876534,24.80322647,24.18719101
4/20/2018,5:06:17 PM,351,22.433,24.96609688,25.32858086,25.04118919,25.83908272,24.85336494,24.2250061
4/20/2018,5:06:17 PM,621,22.703,25.0537014,25.4533062,25.14123535,25.93842506,24.85336494,24.30059433
4/20/2018,5:06:17 PM,891,22.973,24.97861671,25.34106064,25.0537014,25.91359711,24.84083176,24.30059433
4/20/2018,5:06:18 PM,162,23.244,25.00365067,25.40343285,25.14123535,25.91359711,24.86589622,24.2502079
4/20/2018,5:06:18 PM,432,23.514,24.916008,25.31610107,25.0537014,25.83908272,24.7154274,24.18719101
4/20/2018,5:06:18 PM,702,23.784,25.00365067,25.30361938,25.07871819,25.87634659,24.80322647,24.2250061
4/20/2018,5:06:18 PM,972,24.054,25.04118919,25.42837334,25.15373421,25.91359711,24.90348244,24.23760796
4/20/2018,5:06:19 PM,243,24.325,24.96609688,25.40343285,25.10372925,25.87634659,24.81576347,24.2250061
4/20/2018,5:06:19 PM,513,24.595,24.96609688,25.32858086,25.0537014,25.83908272,24.76560593,24.2250061
4/20/2018,5:06:20 PM,53,25.135,24.90348244,25.26616669,25.01616478,25.8018074,24.76560593,24.16197586
4/20/2018,5:06:20 PM,324,25.406,24.9410553,25.35353661,25.09122467,25.82665825,24.80322647,24.23760796
4/20/2018,5:06:20 PM,594,25.676,24.95357704,25.39096069,25.10372925,25.85150528,24.80322647,24.21240234
4/20/2018,5:06:20 PM,864,25.946,24.87842751,25.41590309,25.04118919,25.82665825,24.72797394,24.17458534
4/20/2018,5:06:21 PM,135,26.217,24.916008,25.39096069,25.10372925,25.85150528,24.7530632,24.2250061
4/20/2018,5:06:21 PM,405,26.487,24.916008,25.49069786,25.14123535,25.88876534,24.81576347,24.23760796
4/20/2018,5:06:21 PM,675,26.757,24.92853355,25.47823524,25.09122467,25.88876534,24.79068756,24.2250061
4/20/2018,5:06:21 PM,945,27.027,24.89095497,25.39096069,25.0537014,25.81423378,24.7154274,24.14936447
4/20/2018,5:06:22 PM,486,27.568,24.82829857,25.35353661,25.01616478,25.76451874,24.67777824,24.13675308
4/20/2018,5:06:22 PM,756,27.838,24.80322647,25.32858086,24.99113464,25.82665825,24.67777824,24.14936447
4/20/2018,5:06:23 PM,26,28.108,24.89095497,25.32858086,25.0537014,25.78937912,24.7154274,24.14936447
4/20/2018,5:06:23 PM,297,28.379,24.87842751,25.37848854,25.14123535,25.86392593,24.7530632,24.21240234
4/20/2018,5:06:23 PM,567,28.649,24.85336494,25.41590309,25.07871819,25.81423378,24.7154274,24.14936447
4/20/2018,5:06:23 PM,837,28.919,24.90348244,25.39096069,25.04118919,25.82665825,24.74052048,24.17458534
4/20/2018,5:06:24 PM,108,29.19,24.9410553,25.39096069,25.11623192,25.92601204,24.79068756,24.21240234
4/20/2018,5:06:24 PM,378,29.46,24.97861671,25.49069786,25.14123535,25.95083618,24.82829857,24.2250061
4/20/2018,5:06:24 PM,918,30,24.96609688,25.4533062,25.17873001,25.9632473,24.84083176,24.2502079
4/20/2018,5:06:25 PM,189,30.271,24.96609688,25.41590309,25.12873459,25.92601204,24.74052048,24.21240234
4/20/2018,5:06:25 PM,459,30.541,24.9410553,25.49069786,25.10372925,25.93842506,24.80322647,24.23760796
4/20/2018,5:06:25 PM,729,30.811,24.99113464,25.50315857,25.19122505,25.93842506,24.79068756,24.27540398
4/20/2018,5:06:25 PM,999,31.081,24.916008,25.44083977,25.12873459,25.91359711,24.80322647,24.19979858
4/20/2018,5:06:26 PM,270,31.352,24.84083176,25.40343285,25.10372925,25.81423378,24.70287895,24.19979858
4/20/2018,5:06:26 PM,540,31.622,24.916008,25.49069786,25.14123535,25.88876534,24.79068756,24.2502079
4/20/2018,5:06:26 PM,810,31.892,24.85336494,25.41590309,25.09122467,25.87634659,24.7154274,24.21240234
4/20/2018,5:06:27 PM,81,32.163,24.82829857,25.44083977,25.11623192,25.86392593,24.76560593,24.2502079
4/20/2018,5:06:27 PM,621,32.703,24.84083176,25.41590309,25.10372925,25.82665825,24.72797394,24.19979858
4/20/2018,5:06:27 PM,891,32.973,24.9410553,25.49069786,25.17873001,25.90118217,24.79068756,24.23760796
4/20/2018,5:06:28 PM,162,33.244,24.89095497,25.4533062,25.15373421,25.92601204,24.80322647,24.2502079
4/20/2018,5:06:28 PM,432,33.514,24.97861671,25.52807617,25.24119186,25.9632473,24.86589622,24.28800011
4/20/2018,5:06:28 PM,702,33.784,25.00365067,25.49069786,25.21621132,25.93842506,24.84083176,24.32578087
4/20/2018,5:06:28 PM,972,34.054,24.9410553,25.44083977,25.12873459,25.92601204,24.74052048,24.2502079
4/20/2018,5:06:29 PM,243,34.325,24.89095497,25.42837334,25.0537014,25.90118217,24.74052048,24.19979858
4/20/2018,5:06:29 PM,513,34.595,24.86589622,25.41590309,25.09122467,25.88876534,24.70287895,24.18719101
4/20/2018,5:06:29 PM,783,34.865,24.916008,25.41590309,25.12873459,25.93842506,24.77814674,24.19979858
4/20/2018,5:06:30 PM,324,35.406,24.85336494,25.40343285,25.12873459,25.92601204,24.76560593,24.23760796
4/20/2018,5:06:30 PM,594,35.676,24.86589622,25.35353661,25.09122467,25.88876534,24.67777824,24.17458534
4/20/2018,5:06:30 PM,864,35.946,24.80322647,25.2911377,25.0537014,25.83908272,24.64011765,24.16197586
4/20/2018,5:06:31 PM,135,36.217,24.80322647,25.35353661,25.09122467,25.87634659,24.7154274,24.17458534
4/20/2018,5:06:31 PM,405,36.487,24.85336494,25.32858086,25.07871819,25.85150528,24.7154274,24.18719101
4/20/2018,5:06:31 PM,675,36.757,24.80322647,25.32858086,25.06620979,25.91359711,24.7154274,24.17458534
4/20/2018,5:06:31 PM,945,37.027,24.89095497,25.39096069,25.09122467,25.91359711,24.77814674,24.19979858
4/20/2018,5:06:32 PM,216,37.298,24.87842751,25.42837334,25.16623306,25.92601204,24.79068756,24.26280594
4/20/2018,5:06:32 PM,756,37.838,24.90348244,25.40343285,25.21621132,25.95083618,24.7530632,24.2502079
4/20/2018,5:06:33 PM,26,38.108,24.89095497,25.40343285,25.15373421,25.87634659,24.67777824,24.2250061
4/20/2018,5:06:33 PM,297,38.379,24.82829857,25.37848854,25.14123535,25.82665825,24.66522598,24.18719101
4/20/2018,5:06:33 PM,567,38.649,24.90348244,25.41590309,25.21621132,25.90118217,24.72797394,24.2502079
4/20/2018,5:06:33 PM,837,38.919,24.99113464,25.54053307,25.26616669,26.00046921,24.89095497,24.33837128
4/20/2018,5:06:34 PM,108,39.19,24.95357704,25.56544113,25.36601257,26.00046921,24.86589622,24.32578087
4/20/2018,5:06:34 PM,378,39.46,24.99113464,25.56544113,25.35353661,26.07487869,24.85336494,24.37613297
4/20/2018,5:06:34 PM,918,40,24.99113464,25.64013672,25.39096069,26.09967041,24.96609688,24.41388321
4/20/2018,5:06:35 PM,189,40.271,25.07871819,25.67746544,25.39096069,26.07487869,24.9410553,24.38871765
4/20/2018,5:06:35 PM,459,40.541,25.01616478,25.60279465,25.39096069,26.06248093,24.95357704,24.37613297
4/20/2018,5:06:35 PM,729,40.811,25.02867889,25.55298805,25.37848854,26.06248093,24.95357704,24.37613297
4/20/2018,5:06:35 PM,999,41.081,24.99113464,25.55298805,25.32858086,26.0128746,24.89095497,24.41388321
4/20/2018,5:06:36 PM,270,41.352,24.87842751,25.39096069,25.26616669,25.92601204,24.84083176,24.32578087
4/20/2018,5:06:36 PM,540,41.622,24.9410553,25.54053307,25.31610107,26.00046921,24.85336494,24.32578087
4/20/2018,5:06:37 PM,81,42.163,24.916008,25.50315857,25.25368118,26.00046921,24.82829857,24.33837128
4/20/2018,5:06:37 PM,351,42.433,24.87842751,25.46577072,25.24119186,25.92601204,24.84083176,24.28800011
4/20/2018,5:06:37 PM,621,42.703,24.97861671,25.52807617,25.31610107,26.02527809,24.81576347,24.35095978
4/20/2018,5:06:37 PM,891,42.973,25.0537014,25.61524391,25.35353661,26.05008125,24.96609688,24.43904305
4/20/2018,5:06:38 PM,162,43.244,25.02867889,25.56544113,25.32858086,26.06248093,24.9410553,24.37613297
4/20/2018,5:06:38 PM,432,43.514,25.00365067,25.57789421,25.30361938,26.00046921,24.89095497,24.35095978
4/20/2018,5:06:38 PM,702,43.784,25.00365067,25.60279465,25.2911377,26.05008125,24.92853355,24.35095978
4/20/2018,5:06:38 PM,972,44.054,25.04118919,25.59034538,25.34106064,26.11206627,24.96609688,24.38871765
4/20/2018,5:06:39 PM,513,44.595,24.92853355,25.54053307,25.2911377,26.02527809,24.87842751,24.35095978
4/20/2018,5:06:39 PM,783,44.865,25.02867889,25.61524391,25.40343285,26.08727646,24.86589622,24.42646408
4/20/2018,5:06:40 PM,53,45.135,24.89095497,25.55298805,25.27865219,26.02527809,24.81576347,24.32578087
4/20/2018,5:06:40 PM,324,45.406,24.92853355,25.54053307,25.27865219,26.02527809,24.86589622,24.30059433
4/20/2018,5:06:40 PM,594,45.676,24.916008,25.60279465,25.2911377,25.98806381,24.84083176,24.35095978
4/20/2018,5:06:40 PM,864,45.946,24.90348244,25.47823524,25.27865219,25.9632473,24.82829857,24.30059433
4/20/2018,5:06:41 PM,405,46.487,24.84083176,25.4533062,25.21621132,25.95083618,24.81576347,24.27540398
4/20/2018,5:06:41 PM,675,46.757,24.92853355,25.55298805,25.30361938,26.02527809,24.9410553,24.32578087
4/20/2018,5:06:41 PM,945,47.027,24.82829857,25.40343285,25.15373421,25.95083618,24.80322647,24.26280594
4/20/2018,5:06:42 PM,216,47.298,24.79068756,25.39096069,25.14123535,25.90118217,24.70287895,24.2502079
4/20/2018,5:06:42 PM,486,47.568,24.76560593,25.39096069,25.16623306,25.90118217,24.64011765,24.2250061
4/20/2018,5:06:42 PM,486,47.568,24.76560593,25.39096069,25.16623306,25.90118217,24.64011765,24.2250061
4/20/2018,5:06:42 PM,486,47.568,24.76560593,25.39096069,25.16623306,25.90118217,24.64011765,24.2250061
4/20/2018,5:06:44 PM,108,49.19,24.90348244,25.54053307,25.24119186,26.03767967,24.81576347,24.38871765
4/20/2018,5:06:44 PM,378,49.46,24.95357704,25.51561737,25.22870255,26.05008125,24.87842751,24.46419716
4/20/2018,5:06:44 PM,648,49.73,24.90348244,25.44083977,25.19122505,26.07487869,24.80322647,24.36354637
4/20/2018,5:06:44 PM,918,50,24.96609688,25.54053307,25.24119186,26.08727646,24.87842751,24.43904305
4/20/2018,5:06:45 PM,459,50.541,24.95357704,25.56544113,25.22870255,26.12445831,24.89095497,24.43904305
4/20/2018,5:06:45 PM,729,50.811,24.96609688,25.50315857,25.24119186,26.05008125,24.84083176,24.41388321
4/20/2018,5:06:45 PM,999,51.081,24.97861671,25.55298805,25.27865219,26.08727646,24.87842751,24.43904305
4/20/2018,5:06:46 PM,270,51.352,24.99113464,25.56544113,25.25368118,26.09967041,24.9410553,24.43904305
4/20/2018,5:06:46 PM,540,51.622,24.95357704,25.56544113,25.24119186,26.07487869,24.90348244,24.41388321
4/20/2018,5:06:46 PM,810,51.892,24.99113464,25.52807617,25.25368118,26.11206627,24.86589622,24.42646408
4/20/2018,5:06:47 PM,81,52.163,25.02867889,25.57789421,25.2911377,26.11206627,24.90348244,24.46419716
4/20/2018,5:06:47 PM,351,52.433,25.0537014,25.62769127,25.31610107,26.14923859,24.96609688,24.50191689
4/20/2018,5:06:47 PM,891,52.973,24.89095497,25.46577072,25.19122505,26.00046921,24.76560593,24.36354637
4/20/2018,5:06:48 PM,162,53.244,24.87842751,25.46577072,25.16623306,26.00046921,24.76560593,24.36354637
4/20/2018,5:06:48 PM,432,53.514,24.85336494,25.42837334,25.14123535,26.00046921,24.74052048,24.36354637
4/20/2018,5:06:48 PM,702,53.784,24.82829857,25.40343285,25.10372925,25.9632473,24.64011765,24.27540398
4/20/2018,5:06:48 PM,972,54.054,24.76560593,25.37848854,25.07871819,25.9632473,24.70287895,24.26280594
4/20/2018,5:06:49 PM,243,54.325,24.84083176,25.44083977,25.12873459,25.97565651,24.79068756,24.33837128
4/20/2018,5:06:49 PM,513,54.595,24.90348244,25.49069786,25.21621132,26.09967041,24.85336494,24.38871765
4/20/2018,5:06:49 PM,783,54.865,24.89095497,25.44083977,25.21621132,26.06248093,24.80322647,24.36354637
4/20/2018,5:06:50 PM,53,55.135,24.84083176,25.37848854,25.12873459,26.00046921,24.74052048,24.30059433
4/20/2018,5:06:50 PM,594,55.676,24.86589622,25.44083977,25.16623306,26.02527809,24.77814674,24.33837128
4/20/2018,5:06:50 PM,864,55.946,24.92853355,25.55298805,25.21621132,26.06248093,24.82829857,24.41388321
4/20/2018,5:06:51 PM,135,56.217,24.90348244,25.52807617,25.20371819,26.07487869,24.85336494,24.41388321
4/20/2018,5:06:51 PM,405,56.487,24.86589622,25.46577072,25.15373421,26.05008125,24.76560593,24.33837128
4/20/2018,5:06:51 PM,675,56.757,24.86589622,25.47823524,25.16623306,26.02527809,24.80322647,24.36354637
4/20/2018,5:06:51 PM,945,57.027,25.16623306,25.70234489,25.39096069,26.2359314,25.09122467,24.50191689
4/20/2018,5:06:52 PM,216,57.298,25.10372925,25.68990517,25.42837334,26.26068878,25.02867889,24.56475639
4/20/2018,5:06:52 PM,486,57.568,25.09122467,25.6650238,25.39096069,26.2235508,24.99113464,24.51448822
4/20/2018,5:06:53 PM,26,58.108,25.0537014,25.62769127,25.36601257,26.2235508,24.97861671,24.55219078
4/20/2018,5:06:53 PM,297,58.379,25.06620979,25.65258026,25.36601257,26.2111702,25.01616478,24.51448822
4/20/2018,5:06:53 PM,567,58.649,25.12873459,25.67746544,25.39096069,26.2359314,24.99113464,24.55219078
4/20/2018,5:06:53 PM,837,58.919,25.07871819,25.70234489,25.42837334,26.248312,25.02867889,24.55219078
4/20/2018,5:06:54 PM,108,59.19,25.16623306,25.78937912,25.49069786,26.248312,25.10372925,24.6024437
4/20/2018,5:06:54 PM,378,59.46,25.14123535,25.70234489,25.49069786,26.26068878,25.07871819,24.5773201
4/20/2018,5:06:54 PM,648,59.73,25.11623192,25.71478271,25.44083977,26.248312,25.04118919,24.5898819
4/20/2018,5:06:54 PM,918,60,25.06620979,25.71478271,25.39096069,26.2359314,24.99113464,24.56475639
4/20/2018,5:06:55 PM,459,60.541,25.0537014,25.67746544,25.41590309,26.2359314,24.96609688,24.53962517
4/20/2018,5:06:55 PM,729,60.811,25.01616478,25.65258026,25.36601257,26.17401505,24.97861671,24.55219078
4/20/2018,5:06:55 PM,999,61.081,24.99113464,25.61524391,25.24119186,26.12445831,24.9410553,24.52705765
4/20/2018,5:06:56 PM,270,61.352,24.92853355,25.52807617,25.19122505,26.06248093,24.85336494,24.38871765
4/20/2018,5:06:56 PM,540,61.622,24.95357704,25.59034538,25.27865219,26.13685036,24.92853355,24.41388321
4/20/2018,5:06:56 PM,810,61.892,24.97861671,25.56544113,25.24119186,26.11206627,24.87842751,24.41388321
4/20/2018,5:06:57 PM,351,62.433,24.916008,25.56544113,25.22870255,26.05008125,24.87842751,24.41388321
4/20/2018,5:06:57 PM,621,62.703,24.99113464,25.59034538,25.27865219,26.09967041,24.9410553,24.43904305
4/20/2018,5:06:57 PM,891,62.973,24.95357704,25.60279465,25.25368118,26.08727646,24.90348244,24.40130234
4/20/2018,5:06:58 PM,162,63.244,25.00365067,25.54053307,25.27865219,26.12445831,24.916008,24.4516201
4/20/2018,5:06:58 PM,432,63.514,24.90348244,25.51561737,25.22870255,26.05008125,24.81576347,24.40130234
4/20/2018,5:06:58 PM,702,63.784,24.9410553,25.49069786,25.17873001,26.07487869,24.86589622,24.35095978
4/20/2018,5:06:58 PM,972,64.054,25.00365067,25.61524391,25.32858086,26.09967041,24.9410553,24.4516201
4/20/2018,5:06:59 PM,243,64.325,25.00365067,25.67746544,25.32858086,26.12445831,24.97861671,24.42646408
4/20/2018,5:06:59 PM,783,64.865,24.96609688,25.60279465,25.25368118,26.09967041,24.86589622,24.46419716
4/20/2018,5:07:00 PM,53,65.135,24.90348244,25.59034538,25.2911377,26.05008125,24.87842751,24.43904305
4/20/2018,5:07:00 PM,324,65.406,24.92853355,25.60279465,25.26616669,26.09967041,24.85336494,24.38871765
4/20/2018,5:07:00 PM,594,65.676,24.90348244,25.61524391,25.27865219,26.09967041,24.84083176,24.43904305
4/20/2018,5:07:00 PM,864,65.946,24.916008,25.61524391,25.34106064,26.11206627,24.87842751,24.41388321
4/20/2018,5:07:01 PM,135,66.217,24.96609688,25.60279465,25.31610107,26.12445831,24.82829857,24.43904305
4/20/2018,5:07:01 PM,405,66.487,24.95357704,25.60279465,25.31610107,26.07487869,24.85336494,24.43904305
4/20/2018,5:07:01 PM,675,66.757,24.916008,25.64013672,25.26616669,26.07487869,24.85336494,24.43904305
4/20/2018,5:07:01 PM,945,67.027,24.90348244,25.61524391,25.27865219,26.03767967,24.87842751,24.42646408
4/20/2018,5:07:02 PM,486,67.568,24.84083176,25.55298805,25.20371819,26.0128746,24.84083176,24.36354637
4/20/2018,5:07:02 PM,756,67.838,24.81576347,25.50315857,25.20371819,26.02527809,24.79068756,24.37613297
4/20/2018,5:07:03 PM,26,68.108,24.82829857,25.54053307,25.22870255,26.03767967,24.84083176,24.40130234
4/20/2018,5:07:03 PM,297,68.379,24.87842751,25.56544113,25.27865219,26.0128746,24.77814674,24.40130234
4/20/2018,5:07:03 PM,567,68.649,24.90348244,25.55298805,25.25368118,26.07487869,24.79068756,24.41388321
4/20/2018,5:07:03 PM,837,68.919,24.90348244,25.60279465,25.25368118,26.05008125,24.85336494,24.37613297
4/20/2018,5:07:04 PM,108,69.19,24.89095497,25.60279465,25.25368118,26.02527809,24.81576347,24.36354637
4/20/2018,5:07:04 PM,378,69.46,24.9410553,25.62769127,25.35353661,26.12445831,24.87842751,24.36354637
4/20/2018,5:07:04 PM,918,70,24.85336494,25.59034538,25.27865219,26.09967041,24.7530632,24.38871765
4/20/2018,5:07:05 PM,189,70.271,24.86589622,25.60279465,25.26616669,26.02527809,24.85336494,24.37613297
4/20/2018,5:07:05 PM,459,70.541,24.92853355,25.65258026,25.31610107,26.02527809,24.84083176,24.37613297
4/20/2018,5:07:05 PM,729,70.811,24.97861671,25.62769127,25.27865219,26.06248093,24.90348244,24.40130234
4/20/2018,5:07:05 PM,999,71.081,24.96609688,25.70234489,25.34106064,26.07487869,24.9410553,24.4516201
4/20/2018,5:07:06 PM,270,71.352,24.95357704,25.65258026,25.30361938,26.05008125,24.85336494,24.43904305
4/20/2018,5:07:06 PM,540,71.622,25.01616478,25.70234489,25.36601257,26.11206627,24.92853355,24.46419716
4/20/2018,5:07:06 PM,810,71.892,24.916008,25.64013672,25.31610107,26.05008125,24.81576347,24.36354637
4/20/2018,5:07:07 PM,351,72.433,24.97861671,25.71478271,25.37848854,26.12445831,24.92853355,24.42646408
4/20/2018,5:07:07 PM,621,72.703,25.0537014,25.76451874,25.41590309,26.16162872,24.97861671,24.50191689
4/20/2018,5:07:07 PM,891,72.973,25.02867889,25.76451874,25.41590309,26.17401505,24.96609688,24.46419716
4/20/2018,5:07:08 PM,162,73.244,24.92853355,25.73965263,25.37848854,26.12445831,24.9410553,24.43904305
4/20/2018,5:07:08 PM,432,73.514,24.90348244,25.70234489,25.30361938,26.12445831,24.916008,24.46419716
4/20/2018,5:07:08 PM,702,73.784,24.86589622,25.62769127,25.2911377,26.05008125,24.81576347,24.38871765
4/20/2018,5:07:08 PM,972,74.054,24.95357704,25.64013672,25.2911377,26.09967041,24.87842751,24.43904305
4/20/2018,5:07:09 PM,513,74.595,24.92853355,25.70234489,25.30361938,26.09967041,24.92853355,24.40130234
4/20/2018,5:07:09 PM,783,74.865,24.97861671,25.67746544,25.37848854,26.12445831,24.86589622,24.47677231
4/20/2018,5:07:10 PM,53,75.135,24.86589622,25.62769127,25.30361938,26.03767967,24.81576347,24.41388321
4/20/2018,5:07:10 PM,324,75.406,24.916008,25.64013672,25.32858086,26.06248093,24.82829857,24.46419716
4/20/2018,5:07:10 PM,594,75.676,24.916008,25.62769127,25.30361938,26.07487869,24.82829857,24.41388321
4/20/2018,5:07:10 PM,864,75.946,24.92853355,25.64013672,25.31610107,26.05008125,24.82829857,24.41388321
4/20/2018,5:07:11 PM,135,76.217,24.9410553,25.60279465,25.26616669,26.0128746,24.84083176,24.37613297
4/20/2018,5:07:11 PM,405,76.487,24.89095497,25.65258026,25.27865219,26.02527809,24.86589622,24.37613297
4/20/2018,5:07:11 PM,675,76.757,24.87842751,25.55298805,25.27865219,25.98806381,24.80322647,24.37613297
4/20/2018,5:07:12 PM,216,77.298,24.90348244,25.61524391,25.2911377,26.03767967,24.87842751,24.38871765
4/20/2018,5:07:12 PM,486,77.568,24.90348244,25.61524391,25.30361938,26.02527809,24.85336494,24.36354637
4/20/2018,5:07:12 PM,756,77.838,24.84083176,25.61524391,25.26616669,25.98806381,24.81576347,24.37613297
4/20/2018,5:07:13 PM,26,78.108,24.85336494,25.60279465,25.27865219,26.02527809,24.79068756,24.33837128
4/20/2018,5:07:13 PM,297,78.379,24.86589622,25.65258026,25.2911377,26.02527809,24.80322647,24.33837128
4/20/2018,5:07:13 PM,567,78.649,24.89095497,25.61524391,25.30361938,26.07487869,24.86589622,24.41388321
4/20/2018,5:07:13 PM,837,78.919,24.92853355,25.62769127,25.30361938,26.08727646,24.84083176,24.43904305
4/20/2018,5:07:14 PM,108,79.19,24.89095497,25.65258026,25.27865219,26.07487869,24.80322647,24.41388321
4/20/2018,5:07:14 PM,378,79.46,24.89095497,25.55298805,25.25368118,26.05008125,24.79068756,24.40130234
4/20/2018,5:07:14 PM,918,80,24.86589622,25.60279465,25.24119186,26.06248093,24.85336494,24.36354637
4/20/2018,5:07:15 PM,189,80.271,24.77814674,25.49069786,25.20371819,26.00046921,24.79068756,24.32578087
4/20/2018,5:07:15 PM,459,80.541,24.7154274,25.44083977,25.11623192,25.97565651,24.64011765,24.30059433
4/20/2018,5:07:15 PM,729,80.811,24.84083176,25.55298805,25.20371819,26.00046921,24.77814674,24.33837128
4/20/2018,5:07:15 PM,999,81.081,24.89095497,25.60279465,25.24119186,26.02527809,24.84083176,24.33837128
4/20/2018,5:07:16 PM,270,81.352,24.89095497,25.57789421,25.27865219,26.06248093,24.80322647,24.41388321
4/20/2018,5:07:16 PM,540,81.622,24.86589622,25.60279465,25.22870255,26.03767967,24.77814674,24.36354637
4/20/2018,5:07:16 PM,810,81.892,24.79068756,25.56544113,25.19122505,26.00046921,24.82829857,24.32578087
4/20/2018,5:07:17 PM,351,82.433,24.87842751,25.56544113,25.24119186,26.07487869,24.84083176,24.33837128
4/20/2018,5:07:17 PM,621,82.703,24.87842751,25.56544113,25.21621132,26.02527809,24.85336494,24.35095978
4/20/2018,5:07:17 PM,891,82.973,24.81576347,25.57789421,25.20371819,26.03767967,24.80322647,24.35095978
4/20/2018,5:07:18 PM,162,83.244,24.84083176,25.57789421,25.20371819,26.08727646,24.77814674,24.33837128
4/20/2018,5:07:18 PM,432,83.514,24.90348244,25.55298805,25.21621132,26.06248093,24.82829857,24.37613297
4/20/2018,5:07:18 PM,702,83.784,24.9410553,25.6650238,25.30361938,26.09967041,24.9410553,24.40130234
4/20/2018,5:07:18 PM,972,84.054,24.95357704,25.6650238,25.30361938,26.16162872,24.96609688,24.47677231
4/20/2018,5:07:19 PM,243,84.325,24.95357704,25.62769127,25.31610107,26.14923859,24.89095497,24.4516201
4/20/2018,5:07:19 PM,783,84.865,24.90348244,25.64013672,25.25368118,26.07487869,24.82829857,24.42646408
4/20/2018,5:07:20 PM,53,85.135,24.89095497,25.67746544,25.32858086,26.17401505,24.87842751,24.4516201
4/20/2018,5:07:20 PM,324,85.406,24.85336494,25.65258026,25.25368118,26.08727646,24.84083176,24.41388321
4/20/2018,5:07:20 PM,594,85.676,24.89095497,25.6650238,25.34106064,26.11206627,24.87842751,24.43904305
4/20/2018,5:07:20 PM,864,85.946,24.90348244,25.65258026,25.31610107,26.11206627,24.85336494,24.43904305
4/20/2018,5:07:21 PM,405,86.487,24.92853355,25.68990517,25.36601257,26.13685036,24.90348244,24.46419716
4/20/2018,5:07:21 PM,675,86.757,24.92853355,25.68990517,25.40343285,26.18640137,24.87842751,24.50191689
4/20/2018,5:07:21 PM,945,87.027,24.90348244,25.62769127,25.34106064,26.12445831,24.85336494,24.50191689
4/20/2018,5:07:22 PM,216,87.298,24.92853355,25.71478271,25.30361938,26.13685036,24.89095497,24.46419716
4/20/2018,5:07:22 PM,486,87.568,24.90348244,25.72721863,25.31610107,26.12445831,24.87842751,24.47677231
4/20/2018,5:07:22 PM,756,87.838,24.97861671,25.72721863,25.36601257,26.16162872,24.92853355,24.51448822
4/20/2018,5:07:23 PM,26,88.108,24.97861671,25.73965263,25.34106064,26.16162872,24.96609688,24.53962517
4/20/2018,5:07:23 PM,297,88.379,25.01616478,25.78937912,25.44083977,26.26068878,25.00365067,24.61500359
4/20/2018,5:07:23 PM,567,88.649,24.97861671,25.77694893,25.39096069,26.2111702,24.99113464,24.50191689
4/20/2018,5:07:23 PM,837,88.919,25.0537014,25.73965263,25.4533062,26.248312,25.0537014,24.52705765
4/20/2018,5:07:24 PM,378,89.46,24.96609688,25.72721863,25.34106064,26.16162872,24.96609688,24.55219078
4/20/2018,5:07:24 PM,648,89.73,24.92853355,25.68990517,25.32858086,26.18640137,24.916008,24.48934555
4/20/2018,5:07:24 PM,918,90,24.95357704,25.73965263,25.37848854,26.14923859,24.95357704,24.47677231
4/20/2018,5:07:25 PM,189,90.271,24.95357704,25.75208664,25.35353661,26.18640137,24.99113464,24.52705765
4/20/2018,5:07:25 PM,459,90.541,24.97861671,25.78937912,25.47823524,26.248312,25.00365067,24.52705765
4/20/2018,5:07:25 PM,729,90.811,25.04118919,25.86392593,25.47823524,26.29781532,25.01616478,24.56475639
4/20/2018,5:07:25 PM,999,91.081,24.92853355,25.8018074,25.44083977,26.2235508,24.96609688,24.53962517
4/20/2018,5:07:26 PM,270,91.352,24.99113464,25.75208664,25.4533062,26.2235508,24.99113464,24.51448822
4/20/2018,5:07:26 PM,810,91.892,25.12873459,25.88876534,25.55298805,26.32255936,25.02867889,24.64011765
4/20/2018,5:07:27 PM,81,92.163,25.09122467,25.88876534,25.54053307,26.26068878,25.07871819,24.61500359
4/20/2018,5:07:27 PM,351,92.433,25.0537014,25.9632473,25.55298805,26.29781532,25.10372925,24.61500359
4/20/2018,5:07:27 PM,621,92.703,25.06620979,25.9632473,25.59034538,26.31018639,25.07871819,24.65267181
4/20/2018,5:07:27 PM,891,92.973,25.06620979,25.90118217,25.57789421,26.37203026,25.0537014,24.66522598
4/20/2018,5:07:28 PM,162,93.244,25.02867889,25.88876534,25.50315857,26.32255936,25.07871819,24.62756157
4/20/2018,5:07:28 PM,702,93.784,25.07871819,25.91359711,25.57789421,26.32255936,25.04118919,24.66522598
4/20/2018,5:07:28 PM,972,94.054,25.02867889,25.83908272,25.50315857,26.28544044,25.04118919,24.5898819
4/20/2018,5:07:29 PM,243,94.325,25.0537014,25.85150528,25.51561737,26.27306557,24.96609688,24.6024437
4/20/2018,5:07:29 PM,513,94.595,25.04118919,25.82665825,25.57789421,26.31018639,24.99113464,24.61500359
4/20/2018,5:07:29 PM,783,94.865,25.09122467,25.85150528,25.59034538,26.34729767,25.06620979,24.65267181
4/20/2018,5:07:30 PM,53,95.135,25.02867889,25.91359711,25.51561737,26.33492851,25.04118919,24.6024437
4/20/2018,5:07:30 PM,324,95.406,25.06620979,25.86392593,25.55298805,26.29781532,25.04118919,24.62756157
4/20/2018,5:07:30 PM,594,95.676,25.01616478,25.8018074,25.47823524,26.29781532,25.00365067,24.6024437
4/20/2018,5:07:31 PM,135,96.217,25.01616478,25.82665825,25.52807617,26.26068878,24.99113464,24.62756157
4/20/2018,5:07:31 PM,405,96.487,25.00365067,25.82665825,25.51561737,26.26068878,25.01616478,24.6024437
4/20/2018,5:07:31 PM,675,96.757,25.01616478,25.88876534,25.52807617,26.29781532,25.07871819,24.6024437
4/20/2018,5:07:31 PM,945,97.027,25.02867889,25.85150528,25.57789421,26.31018639,25.0537014,24.61500359
4/20/2018,5:07:32 PM,216,97.298,25.00365067,25.87634659,25.54053307,26.27306557,25.04118919,24.65267181
4/20/2018,5:07:32 PM,486,97.568,25.04118919,25.88876534,25.57789421,26.32255936,25.04118919,24.65267181
4/20/2018,5:07:33 PM,26,98.108,24.97861671,25.76451874,25.47823524,26.2111702,24.96609688,24.56475639
4/20/2018,5:07:33 PM,297,98.379,24.89095497,25.68990517,25.40343285,26.13685036,24.86589622,24.4516201
4/20/2018,5:07:33 PM,567,98.649,24.85336494,25.62769127,25.36601257,26.12445831,24.87842751,24.50191689
4/20/2018,5:07:33 PM,837,98.919,24.84083176,25.59034538,25.37848854,26.09967041,24.84083176,24.47677231
4/20/2018,5:07:34 PM,108,99.19,24.916008,25.64013672,25.42837334,26.17401505,24.90348244,24.51448822
4/20/2018,5:07:34 PM,648,99.73,24.82829857,25.62769127,25.2911377,26.08727646,24.81576347,24.46419716
4/20/2018,5:07:34 PM,918,100,24.87842751,25.68990517,25.36601257,26.09967041,24.89095497,24.48934555
4/20/2018,5:07:35 PM,189,100.271,24.82829857,25.62769127,25.31610107,26.11206627,24.82829857,24.43904305
4/20/2018,5:07:35 PM,459,100.541,24.89095497,25.62769127,25.31610107,26.11206627,24.85336494,24.48934555
4/20/2018,5:07:35 PM,729,100.811,24.90348244,25.64013672,25.36601257,26.14923859,24.87842751,24.48934555
4/20/2018,5:07:35 PM,999,101.081,24.87842751,25.70234489,25.36601257,26.14923859,24.87842751,24.50191689
4/20/2018,5:07:36 PM,270,101.352,24.84083176,25.64013672,25.32858086,26.05008125,24.79068756,24.43904305
4/20/2018,5:07:36 PM,810,101.892,24.79068756,25.62769127,25.27865219,26.02527809,24.79068756,24.41388321
4/20/2018,5:07:37 PM,81,102.163,24.82829857,25.70234489,25.30361938,26.06248093,24.85336494,24.43904305
4/20/2018,5:07:37 PM,351,102.433,24.7530632,25.61524391,25.32858086,26.03767967,24.79068756,24.43904305
4/20/2018,5:07:37 PM,621,102.703,24.82829857,25.67746544,25.36601257,26.09967041,24.89095497,24.47677231
4/20/2018,5:07:37 PM,891,102.973,24.82829857,25.6650238,25.32858086,26.12445831,24.84083176,24.4516201
4/20/2018,5:07:38 PM,162,103.244,24.84083176,25.6650238,25.34106064,26.12445831,24.85336494,24.4516201
4/20/2018,5:07:38 PM,432,103.514,24.82829857,25.72721863,25.37848854,26.09967041,24.84083176,24.48934555
4/20/2018,5:07:38 PM,972,104.054,24.86589622,25.72721863,25.41590309,26.09967041,24.90348244,24.52705765
4/20/2018,5:07:39 PM,243,104.325,24.82829857,25.65258026,25.39096069,26.07487869,24.84083176,24.47677231
4/20/2018,5:07:39 PM,513,104.595,24.80322647,25.62769127,25.2911377,26.05008125,24.79068756,24.42646408
4/20/2018,5:07:39 PM,783,104.865,24.74052048,25.61524391,25.2911377,25.97565651,24.80322647,24.36354637
4/20/2018,5:07:40 PM,53,105.135,24.80322647,25.67746544,25.34106064,26.08727646,24.80322647,24.43904305
4/20/2018,5:07:40 PM,324,105.406,24.89095497,25.75208664,25.4533062,26.17401505,24.916008,24.50191689
4/20/2018,5:07:40 PM,594,105.676,24.80322647,25.65258026,25.36601257,26.07487869,24.80322647,24.4516201
4/20/2018,5:07:41 PM,135,106.217,24.76560593,25.6650238,25.31610107,26.06248093,24.82829857,24.42646408
4/20/2018,5:07:41 PM,405,106.487,24.77814674,25.65258026,25.32858086,26.07487869,24.81576347,24.38871765
4/20/2018,5:07:41 PM,675,106.757,24.86589622,25.75208664,25.40343285,26.13685036,24.87842751,24.53962517
4/20/2018,5:07:41 PM,945,107.027,24.92853355,25.72721863,25.4533062,26.13685036,24.87842751,24.56475639
4/20/2018,5:07:42 PM,486,107.568,24.90348244,25.71478271,25.39096069,26.17401505,24.916008,24.53962517
4/20/2018,5:07:42 PM,756,107.838,24.86589622,25.70234489,25.39096069,26.17401505,24.89095497,24.56475639
4/20/2018,5:07:43 PM,26,108.108,24.85336494,25.72721863,25.40343285,26.12445831,24.87842751,24.51448822
4/20/2018,5:07:43 PM,297,108.379,24.90348244,25.67746544,25.40343285,26.11206627,24.85336494,24.50191689
4/20/2018,5:07:43 PM,567,108.649,24.89095497,25.71478271,25.41590309,26.13685036,24.87842751,24.51448822
4/20/2018,5:07:43 PM,837,108.919,24.86589622,25.70234489,25.35353661,26.09967041,24.84083176,24.48934555
4/20/2018,5:07:44 PM,108,109.19,24.85336494,25.6650238,25.39096069,26.12445831,24.86589622,24.52705765
4/20/2018,5:07:44 PM,378,109.46,24.85336494,25.70234489,25.40343285,26.16162872,24.86589622,24.50191689
4/20/2018,5:07:44 PM,918,110,24.87842751,25.65258026,25.32858086,26.13685036,24.82829857,24.48934555
4/20/2018,5:07:45 PM,189,110.271,24.84083176,25.68990517,25.34106064,26.08727646,24.84083176,24.47677231
4/20/2018,5:07:45 PM,459,110.541,24.76560593,25.65258026,25.34106064,26.08727646,24.82829857,24.4516201
4/20/2018,5:07:45 PM,729,110.811,24.81576347,25.65258026,25.34106064,26.07487869,24.80322647,24.48934555
4/20/2018,5:07:45 PM,999,111.081,24.82829857,25.68990517,25.37848854,26.08727646,24.84083176,24.50191689
4/20/2018,5:07:46 PM,270,111.352,24.89095497,25.76451874,25.40343285,26.14923859,24.86589622,24.55219078
4/20/2018,5:07:46 PM,540,111.622,24.90348244,25.76451874,25.44083977,26.16162872,24.95357704,24.53962517
4/20/2018,5:07:47 PM,81,112.163,24.76560593,25.76451874,25.35353661,26.05008125,24.84083176,24.4516201
4/20/2018,5:07:47 PM,351,112.433,24.84083176,25.68990517,25.37848854,26.08727646,24.86589622,24.46419716
4/20/2018,5:07:47 PM,621,112.703,24.86589622,25.71478271,25.42837334,26.12445831,24.90348244,24.50191689
4/20/2018,5:07:47 PM,891,112.973,24.85336494,25.71478271,25.42837334,26.08727646,24.87842751,24.48934555
4/20/2018,5:07:48 PM,162,113.244,24.84083176,25.75208664,25.36601257,26.11206627,24.86589622,24.4516201
4/20/2018,5:07:48 PM,432,113.514,24.82829857,25.65258026,25.31610107,26.08727646,24.86589622,24.40130234
4/20/2018,5:07:48 PM,702,113.784,24.87842751,25.70234489,25.39096069,26.11206627,24.85336494,24.47677231
4/20/2018,5:07:49 PM,243,114.325,24.92853355,25.6650238,25.4533062,26.16162872,24.87842751,24.52705765
4/20/2018,5:07:49 PM,513,114.595,24.89095497,25.72721863,25.4533062,26.16162872,24.916008,24.50191689
4/20/2018,5:07:49 PM,783,114.865,24.89095497,25.68990517,25.36601257,26.12445831,24.87842751,24.50191689
4/20/2018,5:07:50 PM,53,115.135,24.86589622,25.72721863,25.39096069,26.12445831,24.86589622,24.50191689
4/20/2018,5:07:50 PM,324,115.406,24.86589622,25.8018074,25.42837334,26.17401505,24.86589622,24.56475639
4/20/2018,5:07:50 PM,594,115.676,24.916008,25.77694893,25.46577072,26.17401505,24.90348244,24.55219078
4/20/2018,5:07:50 PM,864,115.946,24.86589622,25.8018074,25.4533062,26.13685036,24.92853355,24.53962517
4/20/2018,5:07:51 PM,135,116.217,24.77814674,25.65258026,25.30361938,26.05008125,24.7530632,24.43904305
4/20/2018,5:07:51 PM,405,116.487,24.79068756,25.67746544,25.39096069,26.13685036,24.81576347,24.51448822
4/20/2018,5:07:51 PM,945,117.027,24.89095497,25.82665825,25.4533062,26.17401505,24.92853355,24.55219078
4/20/2018,5:07:52 PM,216,117.298,24.90348244,25.83908272,25.49069786,26.2235508,24.916008,24.56475639
4/20/2018,5:07:52 PM,486,117.568,24.9410553,25.75208664,25.4533062,26.2111702,24.9410553,24.5898819
4/20/2018,5:07:52 PM,756,117.838,24.86589622,25.72721863,25.37848854,26.12445831,24.86589622,24.55219078
4/20/2018,5:07:53 PM,26,118.108,24.92853355,25.77694893,25.49069786,26.17401505,24.916008,24.56475639
4/20/2018,5:07:53 PM,297,118.379,24.916008,25.83908272,25.52807617,26.17401505,25.02867889,24.5773201
4/20/2018,5:07:53 PM,567,118.649,24.97861671,25.87634659,25.54053307,26.2359314,24.97861671,24.5898819
4/20/2018,5:07:53 PM,837,118.919,24.96609688,25.77694893,25.44083977,26.248312,24.96609688,24.5898819
4/20/2018,5:07:54 PM,378,119.46,24.90348244,25.77694893,25.39096069,26.19878578,24.9410553,24.56475639
4/20/2018,5:07:54 PM,648,119.73,24.916008,25.82665825,25.47823524,26.2111702,24.916008,24.56475639
4/20/2018,5:07:54 PM,918,120,24.95357704,25.93842506,25.56544113,26.26068878,25.00365067,24.6024437
4/20/2018,5:07:55 PM,189,120.271,25.00365067,25.83908272,25.56544113,26.2359314,25.00365067,24.55219078
4/20/2018,5:07:55 PM,459,120.541,24.84083176,25.82665825,25.46577072,26.17401505,24.90348244,24.51448822
4/20/2018,5:07:55 PM,729,120.811,24.92853355,25.82665825,25.50315857,26.248312,24.95357704,24.56475639
4/20/2018,5:07:55 PM,999,121.081,24.9410553,25.90118217,25.60279465,26.26068878,24.99113464,24.5773201
4/20/2018,5:07:56 PM,540,121.622,24.95357704,25.86392593,25.56544113,26.2111702,25.02867889,24.61500359
4/20/2018,5:07:56 PM,810,121.892,24.99113464,25.97565651,25.60279465,26.28544044,25.10372925,24.67777824
4/20/2018,5:07:57 PM,81,122.163,24.96609688,25.93842506,25.57789421,26.26068878,25.02867889,24.6024437
4/20/2018,5:07:57 PM,351,122.433,24.95357704,25.91359711,25.55298805,26.2359314,25.02867889,24.5773201
4/20/2018,5:07:57 PM,621,122.703,24.89095497,25.83908272,25.47823524,26.16162872,24.84083176,24.52705765
4/20/2018,5:07:57 PM,891,122.973,24.87842751,25.8018074,25.46577072,26.16162872,24.87842751,24.47677231
4/20/2018,5:07:58 PM,162,123.244,24.916008,25.83908272,25.46577072,26.16162872,24.90348244,24.51448822
4/20/2018,5:07:58 PM,702,123.784,24.90348244,25.85150528,25.50315857,26.16162872,24.89095497,24.50191689
4/20/2018,5:07:58 PM,972,124.054,24.92853355,25.87634659,25.52807617,26.18640137,24.95357704,24.52705765
4/20/2018,5:07:59 PM,243,124.325,24.97861671,25.88876534,25.56544113,26.26068878,24.97861671,24.55219078
4/20/2018,5:07:59 PM,513,124.595,24.916008,25.88876534,25.52807617,26.2359314,24.9410553,24.52705765
4/20/2018,5:07:59 PM,783,124.865,24.95357704,25.91359711,25.59034538,26.28544044,24.99113464,24.5898819
4/20/2018,5:08:00 PM,53,125.135,24.90348244,25.82665825,25.4533062,26.2235508,24.90348244,24.5898819
4/20/2018,5:08:00 PM,594,125.676,24.92853355,25.81423378,25.50315857,26.2359314,24.96609688,24.53962517
4/20/2018,5:08:00 PM,864,125.946,24.85336494,25.78937912,25.4533062,26.17401505,24.87842751,24.50191689
4/20/2018,5:08:01 PM,135,126.217,24.82829857,25.72721863,25.39096069,26.16162872,24.80322647,24.50191689
4/20/2018,5:08:01 PM,405,126.487,24.76560593,25.8018074,25.44083977,26.12445831,24.82829857,24.4516201
4/20/2018,5:08:01 PM,675,126.757,24.76560593,25.71478271,25.34106064,26.09967041,24.72797394,24.41388321
4/20/2018,5:08:01 PM,945,127.027,24.79068756,25.68990517,25.35353661,26.13685036,24.80322647,24.43904305
4/20/2018,5:08:02 PM,216,127.298,24.90348244,25.78937912,25.47823524,26.18640137,24.84083176,24.53962517
4/20/2018,5:08:02 PM,756,127.838,24.86589622,25.73965263,25.42837334,26.17401505,24.86589622,24.51448822
4/20/2018,5:08:03 PM,26,128.108,24.9410553,25.8018074,25.40343285,26.19878578,24.89095497,24.52705765
4/20/2018,5:08:03 PM,297,128.379,24.82829857,25.67746544,25.34106064,26.12445831,24.82829857,24.48934555
4/20/2018,5:08:03 PM,567,128.649,24.92853355,25.70234489,25.40343285,26.13685036,24.86589622,24.48934555
4/20/2018,5:08:03 PM,837,128.919,24.86589622,25.68990517,25.31610107,26.12445831,24.80322647,24.46419716
4/20/2018,5:08:04 PM,108,129.19,24.84083176,25.78937912,25.36601257,26.12445831,24.86589622,24.46419716
4/20/2018,5:08:04 PM,648,129.73,24.89095497,25.8018074,25.40343285,26.17401505,24.86589622,24.51448822
4/20/2018,5:08:04 PM,918,130,24.85336494,25.76451874,25.39096069,26.17401505,24.84083176,24.47677231
4/20/2018,5:08:05 PM,189,130.271,24.86589622,25.67746544,25.27865219,26.12445831,24.82829857,24.47677231
4/20/2018,5:08:05 PM,459,130.541,24.87842751,25.68990517,25.37848854,26.14923859,24.86589622,24.50191689
4/20/2018,5:08:05 PM,729,130.811,24.86589622,25.75208664,25.39096069,26.13685036,24.87842751,24.50191689
4/20/2018,5:08:05 PM,999,131.081,24.9410553,25.77694893,25.42837334,26.2111702,24.87842751,24.55219078
4/20/2018,5:08:06 PM,270,131.352,24.95357704,25.8018074,25.42837334,26.19878578,24.90348244,24.53962517
4/20/2018,5:08:06 PM,810,131.892,24.90348244,25.71478271,25.34106064,26.17401505,24.87842751,24.47677231
4/20/2018,5:08:07 PM,81,132.163,24.89095497,25.77694893,25.34106064,26.13685036,24.90348244,24.48934555
4/20/2018,5:08:07 PM,351,132.433,24.92853355,25.8018074,25.41590309,26.16162872,24.9410553,24.47677231
4/20/2018,5:08:07 PM,621,132.703,24.86589622,25.72721863,25.39096069,26.17401505,24.82829857,24.51448822
4/20/2018,5:08:07 PM,891,132.973,24.90348244,25.78937912,25.39096069,26.19878578,24.9410553,24.5773201
4/20/2018,5:08:08 PM,162,133.244,24.916008,25.82665825,25.37848854,26.19878578,24.95357704,24.56475639
4/20/2018,5:08:08 PM,702,133.784,24.916008,25.81423378,25.37848854,26.18640137,24.916008,24.5773201
4/20/2018,5:08:08 PM,972,134.054,24.90348244,25.77694893,25.35353661,26.17401505,24.916008,24.50191689
4/20/2018,5:08:09 PM,243,134.325,24.89095497,25.82665825,25.36601257,26.19878578,24.916008,24.5773201
4/20/2018,5:08:09 PM,513,134.595,24.95357704,25.87634659,25.46577072,26.26068878,24.95357704,24.56475639
4/20/2018,5:08:09 PM,783,134.865,24.92853355,25.77694893,25.42837334,26.2359314,24.97861671,24.56475639
4/20/2018,5:08:10 PM,53,135.135,24.96609688,25.90118217,25.49069786,26.26068878,24.96609688,24.5898819
4/20/2018,5:08:10 PM,324,135.406,24.95357704,25.87634659,25.54053307,26.26068878,24.99113464,24.6024437
4/20/2018,5:08:10 PM,864,135.946,24.86589622,25.82665825,25.4533062,26.2359314,24.87842751,24.56475639
4/20/2018,5:08:11 PM,135,136.217,24.916008,25.77694893,25.4533062,26.2111702,24.87842751,24.5898819
4/20/2018,5:08:11 PM,405,136.487,24.92853355,25.78937912,25.52807617,26.248312,24.92853355,24.5898819
4/20/2018,5:08:11 PM,675,136.757,24.9410553,25.87634659,25.49069786,26.26068878,24.97861671,24.56475639
4/20/2018,5:08:11 PM,945,137.027,24.90348244,25.81423378,25.44083977,26.26068878,24.89095497,24.56475639
4/20/2018,5:08:12 PM,216,137.298,24.99113464,25.83908272,25.50315857,26.29781532,24.916008,24.62756157
4/20/2018,5:08:12 PM,486,137.568,24.92853355,25.87634659,25.54053307,26.27306557,24.9410553,24.65267181
4/20/2018,5:08:12 PM,756,137.838,24.95357704,25.85150528,25.4533062,26.29781532,24.95357704,24.64011765
4/20/2018,5:08:13 PM,297,138.379,24.95357704,25.83908272,25.47823524,26.32255936,24.92853355,24.66522598
4/20/2018,5:08:13 PM,567,138.649,24.95357704,25.83908272,25.51561737,26.26068878,24.95357704,24.61500359
4/20/2018,5:08:13 PM,837,138.919,24.916008,25.75208664,25.49069786,26.2359314,24.92853355,24.5898819
4/20/2018,5:08:14 PM,108,139.19,24.87842751,25.75208664,25.42837334,26.2111702,24.87842751,24.55219078
4/20/2018,5:08:14 PM,378,139.46,24.87842751,25.76451874,25.47823524,26.2111702,24.86589622,24.5773201
4/20/2018,5:08:14 PM,648,139.73,24.89095497,25.76451874,25.46577072,26.18640137,24.916008,24.5898819
4/20/2018,5:08:14 PM,918,140,24.89095497,25.82665825,25.49069786,26.27306557,24.95357704,24.61500359
4/20/2018,5:08:15 PM,459,140.541,24.9410553,25.88876534,25.55298805,26.29781532,24.95357704,24.64011765
4/20/2018,5:08:15 PM,729,140.811,24.89095497,25.76451874,25.46577072,26.26068878,24.86589622,24.6024437
4/20/2018,5:08:15 PM,999,141.081,24.90348244,25.76451874,25.47823524,26.26068878,24.85336494,24.61500359
4/20/2018,5:08:16 PM,270,141.352,24.7530632,25.67746544,25.44083977,26.14923859,24.7530632,24.50191689
4/20/2018,5:08:16 PM,810,141.892,24.72797394,25.65258026,25.30361938,26.06248093,24.72797394,24.43904305
4/20/2018,5:08:17 PM,81,142.163,24.70287895,25.64013672,25.2911377,26.03767967,24.72797394,24.38871765
4/20/2018,5:08:17 PM,351,142.433,24.72797394,25.68990517,25.27865219,26.05008125,24.74052048,24.42646408
4/20/2018,5:08:17 PM,621,142.703,24.74052048,25.68990517,25.32858086,26.11206627,24.70287895,24.43904305
4/20/2018,5:08:17 PM,891,142.973,24.7154274,25.65258026,25.34106064,26.08727646,24.70287895,24.41388321
4/20/2018,5:08:18 PM,162,143.244,24.72797394,25.72721863,25.35353661,26.12445831,24.77814674,24.4516201
4/20/2018,5:08:18 PM,432,143.514,24.79068756,25.73965263,25.37848854,26.09967041,24.79068756,24.47677231
4/20/2018,5:08:18 PM,702,143.784,24.77814674,25.71478271,25.36601257,26.11206627,24.80322647,24.43904305
4/20/2018,5:08:18 PM,972,144.054,24.7154274,25.61524391,25.31610107,26.07487869,24.70287895,24.38871765
4/20/2018,5:08:19 PM,513,144.595,24.80322647,25.64013672,25.35353661,26.08727646,24.74052048,24.46419716
4/20/2018,5:08:19 PM,783,144.865,24.81576347,25.72721863,25.40343285,26.09967041,24.82829857,24.48934555
4/20/2018,5:08:20 PM,53,145.135,24.80322647,25.68990517,25.41590309,26.12445831,24.7154274,24.47677231
4/20/2018,5:08:20 PM,324,145.406,24.76560593,25.70234489,25.36601257,26.16162872,24.80322647,24.46419716
4/20/2018,5:08:20 PM,594,145.676,24.74052048,25.6650238,25.31610107,26.07487869,24.66522598,24.43904305
4/20/2018,5:08:20 PM,864,145.946,24.79068756,25.77694893,25.35353661,26.13685036,24.72797394,24.48934555
4/20/2018,5:08:21 PM,135,146.217,24.80322647,25.73965263,25.39096069,26.13685036,24.76560593,24.50191689
4/20/2018,5:08:21 PM,675,146.757,24.77814674,25.77694893,25.40343285,26.19878578,24.79068756,24.50191689
4/20/2018,5:08:21 PM,945,147.027,24.7530632,25.67746544,25.34106064,26.12445831,24.79068756,24.48934555
4/20/2018,5:08:22 PM,216,147.298,24.82829857,25.78937912,25.46577072,26.19878578,24.82829857,24.52705765
4/20/2018,5:08:22 PM,486,147.568,24.77814674,25.67746544,25.37848854,26.13685036,24.7530632,24.46419716
4/20/2018,5:08:22 PM,756,147.838,24.76560593,25.68990517,25.36601257,26.12445831,24.76560593,24.4516201
4/20/2018,5:08:23 PM,26,148.108,24.7530632,25.65258026,25.35353661,26.12445831,24.72797394,24.43904305
4/20/2018,5:08:23 PM,297,148.379,24.7530632,25.70234489,25.36601257,26.13685036,24.80322647,24.42646408
4/20/2018,5:08:23 PM,567,148.649,24.77814674,25.65258026,25.39096069,26.14923859,24.7530632,24.4516201
4/20/2018,5:08:24 PM,108,149.19,24.85336494,25.73965263,25.42837334,26.2111702,24.84083176,24.47677231
4/20/2018,5:08:24 PM,378,149.46,24.81576347,25.76451874,25.44083977,26.2111702,24.80322647,24.48934555
4/20/2018,5:08:24 PM,648,149.73,24.7530632,25.71478271,25.35353661,26.16162872,24.76560593,24.47677231
4/20/2018,5:08:24 PM,918,150,24.77814674,25.76451874,25.37848854,26.17401505,24.82829857,24.48934555
4/20/2018,5:08:25 PM,189,150.271,24.7154274,25.70234489,25.37848854,26.13685036,24.70287895,24.42646408
4/20/2018,5:08:25 PM,459,150.541,24.80322647,25.70234489,25.39096069,26.16162872,24.7530632,24.46419716
4/20/2018,5:08:25 PM,999,151.081,24.81576347,25.73965263,25.39096069,26.17401505,24.80322647,24.46419716
4/20/2018,5:08:26 PM,270,151.352,24.79068756,25.68990517,25.41590309,26.248312,24.7530632,24.48934555
4/20/2018,5:08:26 PM,540,151.622,24.7530632,25.68990517,25.34106064,26.2111702,24.74052048,24.43904305
4/20/2018,5:08:26 PM,810,151.892,24.80322647,25.72721863,25.4533062,26.19878578,24.7530632,24.47677231
4/20/2018,5:08:27 PM,81,152.163,24.77814674,25.71478271,25.39096069,26.13685036,24.79068756,24.46419716
4/20/2018,5:08:27 PM,351,152.433,24.79068756,25.71478271,25.41590309,26.19878578,24.84083176,24.51448822
4/20/2018,5:08:27 PM,621,152.703,24.72797394,25.6650238,25.34106064,26.16162872,24.77814674,24.4516201
4/20/2018,5:08:28 PM,162,153.244,24.85336494,25.83908272,25.54053307,26.26068878,24.89095497,24.56475639
4/20/2018,5:08:28 PM,432,153.514,24.84083176,25.78937912,25.47823524,26.248312,24.85336494,24.55219078
4/20/2018,5:08:28 PM,702,153.784,24.90348244,25.8018074,25.52807617,26.248312,24.92853355,24.5898819
4/20/2018,5:08:28 PM,972,154.054,24.86589622,25.86392593,25.51561737,26.2359314,24.96609688,24.5898819
4/20/2018,5:08:29 PM,243,154.325,24.82829857,25.8018074,25.50315857,26.26068878,24.95357704,24.53962517
4/20/2018,5:08:29 PM,513,154.595,24.89095497,25.81423378,25.47823524,26.28544044,24.86589622,24.5898819
4/20/2018,5:08:29 PM,783,154.865,24.86589622,25.83908272,25.52807617,26.31018639,24.916008,24.5773201
4/20/2018,5:08:30 PM,324,155.406,24.92853355,25.83908272,25.50315857,26.31018639,24.96609688,24.5898819
4/20/2018,5:08:30 PM,594,155.676,24.9410553,25.91359711,25.56544113,26.29781532,24.95357704,24.64011765
4/20/2018,5:08:30 PM,864,155.946,24.916008,25.87634659,25.56544113,26.29781532,24.95357704,24.6024437
4/20/2018,5:08:31 PM,135,156.217,24.84083176,25.8018074,25.46577072,26.2359314,24.81576347,24.56475639
4/20/2018,5:08:31 PM,405,156.487,24.87842751,25.88876534,25.52807617,26.26068878,24.89095497,24.5898819
4/20/2018,5:08:31 PM,675,156.757,24.97861671,25.91359711,25.59034538,26.34729767,24.95357704,24.62756157
4/20/2018,5:08:31 PM,945,157.027,24.90348244,25.85150528,25.50315857,26.29781532,24.89095497,24.5773201
4/20/2018,5:08:32 PM,486,157.568,24.916008,25.87634659,25.55298805,26.29781532,24.9410553,24.61500359
4/20/2018,5:08:32 PM,756,157.838,24.9410553,25.90118217,25.57789421,26.27306557,24.916008,24.65267181
4/20/2018,5:08:33 PM,26,158.108,24.97861671,25.92601204,25.62769127,26.33492851,25.01616478,24.65267181
4/20/2018,5:08:33 PM,297,158.379,24.916008,25.90118217,25.62769127,26.34729767,24.95357704,24.65267181
4/20/2018,5:08:33 PM,567,158.649,24.92853355,25.83908272,25.60279465,26.31018639,24.89095497,24.64011765
4/20/2018,5:08:33 PM,837,158.919,24.90348244,25.95083618,25.61524391,26.32255936,24.92853355,24.64011765
4/20/2018,5:08:34 PM,108,159.19,24.96609688,25.93842506,25.65258026,26.33492851,24.95357704,24.64011765
4/20/2018,5:08:34 PM,378,159.46,24.9410553,25.88876534,25.54053307,26.28544044,24.916008,24.6024437
4/20/2018,5:08:34 PM,918,160,24.95357704,25.88876534,25.55298805,26.26068878,24.916008,24.61500359
4/20/2018,5:08:35 PM,189,160.271,24.89095497,25.88876534,25.52807617,26.27306557,24.95357704,24.61500359
4/20/2018,5:08:35 PM,459,160.541,24.90348244,25.86392593,25.54053307,26.26068878,24.87842751,24.61500359
4/20/2018,5:08:35 PM,729,160.811,24.82829857,25.78937912,25.46577072,26.19878578,24.81576347,24.51448822
4/20/2018,5:08:35 PM,999,161.081,24.82829857,25.78937912,25.50315857,26.18640137,24.81576347,24.52705765
4/20/2018,5:08:36 PM,270,161.352,24.84083176,25.85150528,25.55298805,26.19878578,24.87842751,24.5773201
4/20/2018,5:08:36 PM,540,161.622,25.00365067,25.92601204,25.62769127,26.31018639,24.97861671,24.66522598
4/20/2018,5:08:36 PM,810,161.892,25.01616478,26.00046921,25.71478271,26.37203026,25.04118919,24.70287895
4/20/2018,5:08:37 PM,81,162.163,25.00365067,25.93842506,25.64013672,26.33492851,24.97861671,24.66522598
4/20/2018,5:08:37 PM,621,162.703,24.96609688,25.91359711,25.57789421,26.34729767,24.96609688,24.65267181
4/20/2018,5:08:37 PM,891,162.973,24.92853355,25.87634659,25.55298805,26.26068878,24.90348244,24.5898819
4/20/2018,5:08:38 PM,162,163.244,25.01616478,25.95083618,25.61524391,26.33492851,25.01616478,24.64011765
4/20/2018,5:08:38 PM,432,163.514,25.0537014,25.97565651,25.71478271,26.39675713,25.0537014,24.70287895
4/20/2018,5:08:38 PM,702,163.784,24.96609688,25.92601204,25.62769127,26.31018639,24.9410553,24.65267181
4/20/2018,5:08:38 PM,972,164.054,25.01616478,26.02527809,25.67746544,26.34729767,25.0537014,24.67777824
4/20/2018,5:08:39 PM,243,164.325,25.01616478,25.97565651,25.65258026,26.37203026,24.97861671,24.7154274
4/20/2018,5:08:39 PM,513,164.595,24.92853355,25.92601204,25.61524391,26.34729767,24.97861671,24.65267181
4/20/2018,5:08:40 PM,53,165.135,24.92853355,25.91359711,25.64013672,26.34729767,24.99113464,24.65267181
4/20/2018,5:08:40 PM,324,165.406,24.9410553,25.87634659,25.55298805,26.29781532,24.9410553,24.61500359
4/20/2018,5:08:40 PM,594,165.676,24.97861671,25.88876534,25.60279465,26.34729767,24.87842751,24.62756157
4/20/2018,5:08:40 PM,864,165.946,24.87842751,25.83908272,25.52807617,26.26068878,24.90348244,24.56475639
4/20/2018,5:08:41 PM,135,166.217,24.90348244,25.87634659,25.56544113,26.26068878,24.916008,24.5773201
4/20/2018,5:08:41 PM,405,166.487,24.86589622,25.81423378,25.52807617,26.16162872,24.87842751,24.55219078
4/20/2018,5:08:41 PM,675,166.757,24.90348244,25.88876534,25.61524391,26.248312,24.92853355,24.5773201
4/20/2018,5:08:41 PM,945,167.027,24.86589622,25.91359711,25.61524391,26.27306557,24.86589622,24.56475639
4/20/2018,5:08:42 PM,486,167.568,24.92853355,25.91359711,25.59034538,26.29781532,24.97861671,24.5773201
4/20/2018,5:08:42 PM,756,167.838,24.90348244,25.83908272,25.56544113,26.29781532,24.84083176,24.56475639
4/20/2018,5:08:43 PM,26,168.108,24.86589622,25.77694893,25.52807617,26.26068878,24.76560593,24.56475639
4/20/2018,5:08:43 PM,297,168.379,24.89095497,25.83908272,25.57789421,26.248312,24.82829857,24.5898819
4/20/2018,5:08:43 PM,567,168.649,24.90348244,25.82665825,25.54053307,26.29781532,24.92853355,24.61500359
4/20/2018,5:08:43 PM,837,168.919,24.92853355,25.85150528,25.60279465,26.31018639,24.95357704,24.56475639
4/20/2018,5:08:44 PM,108,169.19,24.95357704,25.86392593,25.62769127,26.33492851,24.92853355,24.67777824
4/20/2018,5:08:44 PM,648,169.73,24.87842751,25.85150528,25.55298805,26.26068878,24.85336494,24.61500359
4/20/2018,5:08:44 PM,918,170,24.89095497,25.85150528,25.56544113,26.28544044,24.90348244,24.5898819
4/20/2018,5:08:45 PM,189,170.271,24.89095497,25.86392593,25.52807617,26.28544044,24.87842751,24.5773201
4/20/2018,5:08:45 PM,459,170.541,24.86589622,25.85150528,25.50315857,26.26068878,24.87842751,24.52705765
4/20/2018,5:08:45 PM,729,170.811,24.86589622,25.85150528,25.61524391,26.27306557,24.87842751,24.5898819
4/20/2018,5:08:45 PM,999,171.081,24.90348244,25.91359711,25.59034538,26.34729767,24.89095497,24.6024437
4/20/2018,5:08:46 PM,270,171.352,24.89095497,25.91359711,25.60279465,26.35966301,24.87842751,24.5898819
4/20/2018,5:08:46 PM,540,171.622,24.90348244,25.88876534,25.59034538,26.32255936,24.87842751,24.5898819
4/20/2018,5:08:47 PM,81,172.163,24.92853355,25.90118217,25.61524391,26.29781532,24.87842751,24.5898819
4/20/2018,5:08:47 PM,351,172.433,24.90348244,25.95083618,25.60279465,26.29781532,24.90348244,24.5773201
4/20/2018,5:08:47 PM,621,172.703,24.9410553,25.91359711,25.56544113,26.28544044,24.916008,24.56475639
4/20/2018,5:08:47 PM,891,172.973,24.92853355,25.83908272,25.64013672,26.29781532,24.84083176,24.5773201
4/20/2018,5:08:48 PM,162,173.244,24.96609688,26.02527809,25.68990517,26.37203026,24.95357704,24.62756157
4/20/2018,5:08:48 PM,432,173.514,24.96609688,25.93842506,25.56544113,26.28544044,24.916008,24.56475639
4/20/2018,5:08:48 PM,702,173.784,24.95357704,25.88876534,25.55298805,26.28544044,24.87842751,24.55219078
4/20/2018,5:08:48 PM,972,174.054,24.86589622,25.83908272,25.51561737,26.26068878,24.81576347,24.53962517
4/20/2018,5:08:49 PM,513,174.595,24.85336494,25.85150528,25.52807617,26.26068878,24.87842751,24.51448822
4/20/2018,5:08:49 PM,783,174.865,24.96609688,25.86392593,25.57789421,26.32255936,24.90348244,24.56475639
4/20/2018,5:08:50 PM,53,175.135,24.90348244,25.87634659,25.60279465,26.32255936,24.90348244,24.55219078
4/20/2018,5:08:50 PM,324,175.406,24.82829857,25.85150528,25.51561737,26.248312,24.86589622,24.52705765
4/20/2018,5:08:50 PM,594,175.676,24.89095497,25.97565651,25.64013672,26.34729767,24.97861671,24.6024437
4/20/2018,5:08:50 PM,864,175.946,24.87842751,25.90118217,25.57789421,26.32255936,24.84083176,24.56475639
4/20/2018,5:08:51 PM,405,176.487,24.89095497,25.86392593,25.54053307,26.29781532,24.90348244,24.56475639
4/20/2018,5:08:51 PM,675,176.757,24.89095497,25.92601204,25.56544113,26.29781532,24.89095497,24.55219078
4/20/2018,5:08:51 PM,945,177.027,24.84083176,25.87634659,25.50315857,26.26068878,24.79068756,24.52705765
4/20/2018,5:08:52 PM,216,177.298,24.90348244,25.87634659,25.57789421,26.28544044,24.85336494,24.6024437
4/20/2018,5:08:52 PM,486,177.568,24.97861671,25.93842506,25.64013672,26.35966301,24.95357704,24.62756157
4/20/2018,5:08:52 PM,756,177.838,24.99113464,25.9632473,25.65258026,26.40911865,24.92853355,24.65267181
4/20/2018,5:08:53 PM,26,178.108,24.9410553,25.91359711,25.62769127,26.37203026,24.95357704,24.64011765
4/20/2018,5:08:53 PM,567,178.649,24.97861671,25.95083618,25.62769127,26.40911865,24.99113464,24.65267181
4/20/2018,5:08:53 PM,837,178.919,24.9410553,25.90118217,25.64013672,26.38439369,24.92853355,24.65267181
4/20/2018,5:08:54 PM,108,179.19,24.96609688,25.93842506,25.61524391,26.42148018,24.9410553,24.64011765
4/20/2018,5:08:54 PM,378,179.46,24.92853355,25.88876534,25.57789421,26.35966301,24.916008,24.61500359
4/20/2018,5:08:54 PM,918,180,25.02867889,26.02527809,25.72721863,26.40911865,25.02867889,24.69033051
4/20/2018,5:08:55 PM,189,180.271,24.96609688,25.98806381,25.62769127,26.34729767,24.92853355,24.61500359
4/20/2018,5:08:55 PM,459,180.541,24.92853355,25.95083618,25.67746544,26.33492851,24.95357704,24.6024437
4/20/2018,5:08:55 PM,729,180.811,24.99113464,26.03767967,25.71478271,26.39675713,25.02867889,24.65267181
4/20/2018,5:08:55 PM,999,181.081,25.00365067,25.9632473,25.70234489,26.42148018,25.00365067,24.67777824
4/20/2018,5:08:56 PM,270,181.352,24.97861671,25.91359711,25.64013672,26.38439369,24.87842751,24.61500359
4/20/2018,5:08:56 PM,540,181.622,24.90348244,25.86392593,25.60279465,26.34729767,24.90348244,24.5773201
4/20/2018,5:08:56 PM,810,181.892,24.96609688,25.91359711,25.62769127,26.37203026,24.92853355,24.62756157
4/20/2018,5:08:57 PM,351,182.433,24.96609688,25.91359711,25.64013672,26.37203026,24.96609688,24.61500359
4/20/2018,5:08:57 PM,621,182.703,24.86589622,25.81423378,25.56544113,26.34729767,24.87842751,24.53962517
4/20/2018,5:08:57 PM,891,182.973,24.77814674,25.78937912,25.46577072,26.19878578,24.84083176,24.47677231
4/20/2018,5:08:58 PM,162,183.244,24.77814674,25.75208664,25.4533062,26.2111702,24.72797394,24.48934555
4/20/2018,5:08:58 PM,432,183.514,24.84083176,25.83908272,25.59034538,26.31018639,24.87842751,24.53962517
4/20/2018,5:08:58 PM,702,183.784,24.84083176,25.87634659,25.52807617,26.26068878,24.89095497,24.52705765
4/20/2018,5:08:58 PM,972,184.054,24.80322647,25.76451874,25.4533062,26.26068878,24.80322647,24.52705765
4/20/2018,5:08:59 PM,513,184.595,24.79068756,25.8018074,25.52807617,26.248312,24.81576347,24.50191689
4/20/2018,5:08:59 PM,783,184.865,24.79068756,25.81423378,25.51561737,26.27306557,24.80322647,24.51448822
4/20/2018,5:09:00 PM,53,185.135,24.82829857,25.85150528,25.57789421,26.32255936,24.86589622,24.53962517
4/20/2018,5:09:00 PM,324,185.406,24.77814674,25.81423378,25.55298805,26.248312,24.77814674,24.50191689
4/20/2018,5:09:00 PM,594,185.676,24.84083176,25.82665825,25.57789421,26.28544044,24.76560593,24.55219078
4/20/2018,5:09:00 PM,864,185.946,24.74052048,25.76451874,25.49069786,26.2111702,24.72797394,24.43904305
4/20/2018,5:09:01 PM,405,186.487,24.77814674,25.75208664,25.44083977,26.2111702,24.76560593,24.43904305
4/20/2018,5:09:01 PM,675,186.757,24.77814674,25.77694893,25.46577072,26.2235508,24.81576347,24.43904305
4/20/2018,5:09:01 PM,945,187.027,24.70287895,25.71478271,25.41590309,26.14923859,24.70287895,24.41388321
4/20/2018,5:09:02 PM,216,187.298,24.7154274,25.71478271,25.4533062,26.14923859,24.70287895,24.43904305
4/20/2018,5:09:02 PM,486,187.568,24.69033051,25.68990517,25.47823524,26.14923859,24.7154274,24.4516201
4/20/2018,5:09:02 PM,756,187.838,24.66522598,25.6650238,25.40343285,26.16162872,24.62756157,24.4516201
4/20/2018,5:09:03 PM,297,188.379,24.70287895,25.78937912,25.46577072,26.19878578,24.74052048,24.48934555
4/20/2018,5:09:03 PM,567,188.649,24.80322647,25.77694893,25.52807617,26.2111702,24.74052048,24.48934555
4/20/2018,5:09:03 PM,837,188.919,24.80322647,25.83908272,25.52807617,26.2235508,24.7530632,24.50191689
4/20/2018,5:09:04 PM,108,189.19,24.77814674,25.85150528,25.55298805,26.26068878,24.7530632,24.51448822
4/20/2018,5:09:04 PM,378,189.46,24.70287895,25.81423378,25.46577072,26.19878578,24.72797394,24.41388321
4/20/2018,5:09:04 PM,918,190,24.70287895,25.8018074,25.50315857,26.19878578,24.74052048,24.4516201
4/20/2018,5:09:05 PM,189,190.271,24.70287895,25.78937912,25.47823524,26.2235508,24.72797394,24.42646408
4/20/2018,5:09:05 PM,459,190.541,24.72797394,25.75208664,25.47823524,26.18640137,24.7154274,24.4516201
4/20/2018,5:09:05 PM,729,190.811,24.82829857,25.78937912,25.50315857,26.2235508,24.80322647,24.48934555
4/20/2018,5:09:05 PM,999,191.081,24.7154274,25.75208664,25.44083977,26.18640137,24.7154274,24.47677231
4/20/2018,5:09:06 PM,270,191.352,24.70287895,25.73965263,25.42837334,26.16162872,24.79068756,24.40130234
4/20/2018,5:09:06 PM,540,191.622,24.70287895,25.73965263,25.46577072,26.17401505,24.74052048,24.37613297
4/20/2018,5:09:06 PM,810,191.892,24.67777824,25.68990517,25.41590309,26.13685036,24.70287895,24.40130234
4/20/2018,5:09:07 PM,351,192.433,24.7154274,25.77694893,25.49069786,26.19878578,24.72797394,24.43904305
4/20/2018,5:09:07 PM,621,192.703,24.67777824,25.72721863,25.44083977,26.17401505,24.67777824,24.42646408
4/20/2018,5:09:07 PM,891,192.973,24.61500359,25.6650238,25.34106064,26.16162872,24.62756157,24.43904305
4/20/2018,5:09:08 PM,162,193.244,24.76560593,25.72721863,25.44083977,26.2235508,24.72797394,24.4516201
4/20/2018,5:09:08 PM,432,193.514,24.72797394,25.73965263,25.42837334,26.16162872,24.67777824,24.41388321
4/20/2018,5:09:08 PM,702,193.784,24.67777824,25.8018074,25.42837334,26.17401505,24.72797394,24.42646408
4/20/2018,5:09:08 PM,972,194.054,24.79068756,25.88876534,25.51561737,26.248312,24.82829857,24.48934555
4/20/2018,5:09:09 PM,243,194.325,24.69033051,25.77694893,25.50315857,26.2111702,24.66522598,24.43904305
4/20/2018,5:09:09 PM,783,194.865,24.74052048,25.76451874,25.52807617,26.2235508,24.7530632,24.47677231
4/20/2018,5:09:10 PM,53,195.135,24.87842751,25.85150528,25.60279465,26.28544044,24.82829857,24.53962517
4/20/2018,5:09:10 PM,324,195.406,24.77814674,25.83908272,25.57789421,26.248312,24.82829857,24.46419716
4/20/2018,5:09:10 PM,594,195.676,24.86589622,25.87634659,25.62769127,26.29781532,24.89095497,24.5898819
4/20/2018,5:09:10 PM,864,195.946,24.80322647,25.91359711,25.61524391,26.26068878,24.7530632,24.51448822
4/20/2018,5:09:11 PM,135,196.217,24.79068756,25.83908272,25.60279465,26.26068878,24.80322647,24.52705765
4/20/2018,5:09:11 PM,405,196.487,24.86589622,25.92601204,25.59034538,26.27306557,24.82829857,24.53962517
4/20/2018,5:09:11 PM,675,196.757,24.81576347,25.82665825,25.59034538,26.27306557,24.84083176,24.52705765
4/20/2018,5:09:12 PM,216,197.298,24.85336494,25.91359711,25.62769127,26.27306557,24.86589622,24.5773201
4/20/2018,5:09:12 PM,486,197.568,24.76560593,25.82665825,25.52807617,26.19878578,24.74052048,24.48934555
4/20/2018,5:09:12 PM,756,197.838,24.76560593,25.81423378,25.54053307,26.2235508,24.72797394,24.52705765
4/20/2018,5:09:13 PM,26,198.108,24.77814674,25.8018074,25.47823524,26.16162872,24.7154274,24.47677231
4/20/2018,5:09:13 PM,567,198.649,24.86589622,25.83908272,25.54053307,26.19878578,24.82829857,24.55219078
4/20/2018,5:09:13 PM,837,198.919,24.77814674,25.78937912,25.51561737,26.16162872,24.7154274,24.51448822
4/20/2018,5:09:14 PM,108,199.19,24.74052048,25.73965263,25.42837334,26.17401505,24.69033051,24.50191689
4/20/2018,5:09:14 PM,378,199.46,24.76560593,25.76451874,25.49069786,26.19878578,24.74052048,24.50191689
4/20/2018,5:09:14 PM,648,199.73,24.76560593,25.81423378,25.54053307,26.2359314,24.72797394,24.48934555
4/20/2018,5:09:14 PM,918,200,24.74052048,25.81423378,25.49069786,26.18640137,24.7530632,24.47677231
4/20/2018,5:09:15 PM,459,200.541,24.84083176,25.87634659,25.55298805,26.248312,24.82829857,24.55219078
4/20/2018,5:09:15 PM,729,200.811,24.80322647,25.81423378,25.49069786,26.26068878,24.7530632,24.52705765
4/20/2018,5:09:15 PM,999,201.081,24.84083176,25.78937912,25.51561737,26.2235508,24.79068756,24.51448822
4/20/2018,5:09:16 PM,270,201.352,24.77814674,25.8018074,25.49069786,26.26068878,24.74052048,24.51448822
4/20/2018,5:09:16 PM,540,201.622,24.86589622,25.90118217,25.65258026,26.37203026,24.916008,24.6024437
4/20/2018,5:09:16 PM,810,201.892,24.80322647,25.87634659,25.62769127,26.32255936,24.82829857,24.51448822
4/20/2018,5:09:17 PM,351,202.433,24.81576347,25.83908272,25.59034538,26.27306557,24.82829857,24.55219078
4/20/2018,5:09:17 PM,621,202.703,24.81576347,25.8018074,25.57789421,26.29781532,24.74052048,24.5773201
4/20/2018,5:09:17 PM,891,202.973,24.77814674,25.77694893,25.51561737,26.2359314,24.7530632,24.50191689
4/20/2018,5:09:18 PM,162,203.244,24.7530632,25.72721863,25.51561737,26.2359314,24.77814674,24.50191689
4/20/2018,5:09:18 PM,432,203.514,24.77814674,25.81423378,25.49069786,26.248312,24.81576347,24.52705765
4/20/2018,5:09:18 PM,702,203.784,24.81576347,25.77694893,25.49069786,26.26068878,24.77814674,24.55219078
4/20/2018,5:09:19 PM,243,204.325,24.86589622,25.81423378,25.56544113,26.27306557,24.82829857,24.55219078
4/20/2018,5:09:19 PM,513,204.595,24.85336494,25.81423378,25.52807617,26.28544044,24.7530632,24.52705765
4/20/2018,5:09:19 PM,783,204.865,24.82829857,25.8018074,25.55298805,26.248312,24.7530632,24.53962517
4/20/2018,5:09:20 PM,53,205.135,24.81576347,25.85150528,25.52807617,26.26068878,24.84083176,24.55219078
4/20/2018,5:09:20 PM,594,205.676,24.81576347,25.83908272,25.49069786,26.26068878,24.76560593,24.53962517
4/20/2018,5:09:20 PM,864,205.946,24.84083176,25.83908272,25.51561737,26.26068878,24.86589622,24.5773201
4/20/2018,5:09:21 PM,135,206.217,24.80322647,25.82665825,25.51561737,26.26068878,24.80322647,24.55219078
4/20/2018,5:09:21 PM,405,206.487,24.77814674,25.8018074,25.47823524,26.2235508,24.82829857,24.55219078
4/20/2018,5:09:21 PM,675,206.757,24.80322647,25.8018074,25.49069786,26.28544044,24.79068756,24.56475639
4/20/2018,5:09:21 PM,945,207.027,24.81576347,25.82665825,25.54053307,26.26068878,24.80322647,24.55219078
4/20/2018,5:09:22 PM,216,207.298,24.85336494,25.88876534,25.57789421,26.29781532,24.87842751,24.6024437
4/20/2018,5:09:22 PM,486,207.568,24.85336494,25.82665825,25.59034538,26.27306557,24.85336494,24.6024437
4/20/2018,5:09:23 PM,26,208.108,24.87842751,25.87634659,25.62769127,26.29781532,24.85336494,24.61500359
4/20/2018,5:09:23 PM,297,208.379,24.86589622,25.91359711,25.61524391,26.29781532,24.85336494,24.61500359
4/20/2018,5:09:23 PM,567,208.649,24.85336494,25.83908272,25.56544113,26.27306557,24.80322647,24.62756157
4/20/2018,5:09:23 PM,837,208.919,24.916008,25.88876534,25.60279465,26.29781532,24.85336494,24.6024437
4/20/2018,5:09:24 PM,108,209.19,24.81576347,25.77694893,25.51561737,26.2359314,24.7530632,24.55219078
4/20/2018,5:09:24 PM,378,209.46,24.90348244,25.88876534,25.6650238,26.34729767,24.916008,24.69033051
4/20/2018,5:09:24 PM,648,209.73,24.916008,25.92601204,25.60279465,26.33492851,24.89095497,24.66522598
4/20/2018,5:09:24 PM,918,210,24.81576347,25.86392593,25.56544113,26.2359314,24.84083176,24.53962517
4/20/2018,5:09:25 PM,459,210.541,24.85336494,25.88876534,25.55298805,26.248312,24.82829857,24.5898819
4/20/2018,5:09:25 PM,729,210.811,24.86589622,25.83908272,25.59034538,26.2111702,24.81576347,24.56475639
4/20/2018,5:09:25 PM,999,211.081,24.81576347,25.90118217,25.59034538,26.27306557,24.82829857,24.5898819
4/20/2018,5:09:26 PM,270,211.352,24.84083176,25.88876534,25.56544113,26.248312,24.82829857,24.5898819
4/20/2018,5:09:26 PM,810,211.892,24.76560593,25.83908272,25.49069786,26.2111702,24.7530632,24.51448822
4/20/2018,5:09:27 PM,81,212.163,24.86589622,25.91359711,25.62769127,26.28544044,24.85336494,24.62756157
4/20/2018,5:09:27 PM,351,212.433,24.86589622,25.92601204,25.60279465,26.26068878,24.82829857,24.5898819
4/20/2018,5:09:27 PM,621,212.703,24.916008,25.9632473,25.68990517,26.31018639,24.90348244,24.61500359
4/20/2018,5:09:27 PM,891,212.973,24.89095497,25.95083618,25.6650238,26.32255936,24.87842751,24.62756157
4/20/2018,5:09:28 PM,162,213.244,24.9410553,25.93842506,25.61524391,26.33492851,24.916008,24.65267181
4/20/2018,5:09:28 PM,432,213.514,24.85336494,25.90118217,25.59034538,26.28544044,24.89095497,24.55219078
4/20/2018,5:09:28 PM,972,214.054,24.79068756,25.87634659,25.52807617,26.26068878,24.80322647,24.53962517
4/20/2018,5:09:29 PM,243,214.325,24.81576347,25.85150528,25.54053307,26.27306557,24.81576347,24.52705765
4/20/2018,5:09:29 PM,513,214.595,24.86589622,25.86392593,25.57789421,26.29781532,24.85336494,24.5773201
4/20/2018,5:09:29 PM,783,214.865,24.85336494,25.87634659,25.55298805,26.248312,24.84083176,24.56475639
4/20/2018,5:09:30 PM,53,215.135,24.86589622,25.93842506,25.57789421,26.26068878,24.90348244,24.6024437
4/20/2018,5:09:30 PM,324,215.406,24.87842751,25.93842506,25.60279465,26.29781532,24.89095497,24.6024437
4/20/2018,5:09:30 PM,864,215.946,24.90348244,25.95083618,25.59034538,26.28544044,24.86589622,24.62756157
4/20/2018,5:09:31 PM,135,216.217,24.9410553,25.97565651,25.62769127,26.31018639,24.87842751,24.65267181
4/20/2018,5:09:31 PM,405,216.487,24.97861671,26.02527809,25.72721863,26.39675713,24.95357704,24.7154274
4/20/2018,5:09:31 PM,675,216.757,24.97861671,26.03767967,25.67746544,26.38439369,24.99113464,24.7154274
4/20/2018,5:09:31 PM,945,217.027,25.02867889,26.07487869,25.75208664,26.4461956,25.01616478,24.77814674
4/20/2018,5:09:32 PM,216,217.298,25.06620979,26.09967041,25.8018074,26.43383789,25.01616478,24.76560593
4/20/2018,5:09:32 PM,486,217.568,25.0537014,26.12445831,25.77694893,26.4461956,25.00365067,24.79068756
4/20/2018,5:09:32 PM,756,217.838,25.06620979,26.11206627,25.76451874,26.43383789,24.99113464,24.76560593
4/20/2018,5:09:33 PM,26,218.108,25.11623192,26.11206627,25.85150528,26.42148018,25.07871819,24.77814674
4/20/2018,5:09:33 PM,567,218.649,25.15373421,26.13685036,25.88876534,26.45855331,25.09122467,24.85336494
4/20/2018,5:09:33 PM,837,218.919,25.12873459,26.09967041,25.78937912,26.42148018,25.07871819,24.79068756
4/20/2018,5:09:34 PM,108,219.19,25.14123535,26.09967041,25.78937912,26.45855331,25.09122467,24.80322647
4/20/2018,5:09:34 PM,378,219.46,25.12873459,26.14923859,25.81423378,26.43383789,25.09122467,24.81576347
4/20/2018,5:09:34 PM,648,219.73,25.02867889,26.03767967,25.77694893,26.43383789,25.02867889,24.76560593
4/20/2018,5:09:34 PM,918,220,25.0537014,26.08727646,25.8018074,26.39675713,25.04118919,24.74052048
4/20/2018,5:09:35 PM,189,220.271,25.0537014,26.13685036,25.8018074,26.43383789,25.07871819,24.82829857
4/20/2018,5:09:35 PM,729,220.811,25.0537014,26.14923859,25.77694893,26.42148018,25.06620979,24.76560593
4/20/2018,5:09:35 PM,999,221.081,24.96609688,26.03767967,25.72721863,26.42148018,25.01616478,24.74052048
4/20/2018,5:09:36 PM,270,221.352,24.97861671,26.08727646,25.71478271,26.40911865,25.0537014,24.72797394
4/20/2018,5:09:36 PM,540,221.622,25.07871819,26.08727646,25.82665825,26.42148018,25.04118919,24.74052048
4/20/2018,5:09:36 PM,810,221.892,24.96609688,26.00046921,25.73965263,26.33492851,24.916008,24.67777824
4/20/2018,5:09:37 PM,81,222.163,24.97861671,26.02527809,25.72721863,26.37203026,25.01616478,24.69033051
4/20/2018,5:09:37 PM,351,222.433,24.92853355,26.05008125,25.68990517,26.34729767,24.96609688,24.66522598
4/20/2018,5:09:37 PM,891,222.973,24.89095497,25.9632473,25.65258026,26.27306557,24.90348244,24.5773201
4/20/2018,5:09:38 PM,162,223.244,24.80322647,25.93842506,25.59034538,26.2359314,24.84083176,24.53962517
4/20/2018,5:09:38 PM,432,223.514,24.89095497,26.02527809,25.71478271,26.33492851,24.916008,24.65267181
4/20/2018,5:09:38 PM,702,223.784,24.92853355,25.9632473,25.6650238,26.29781532,24.89095497,24.6024437
4/20/2018,5:09:38 PM,972,224.054,24.96609688,25.97565651,25.75208664,26.39675713,24.9410553,24.69033051
4/20/2018,5:09:39 PM,243,224.325,24.97861671,26.02527809,25.71478271,26.37203026,24.95357704,24.69033051
4/20/2018,5:09:39 PM,783,224.865,24.96609688,26.0128746,25.72721863,26.39675713,24.916008,24.7154274
4/20/2018,5:09:40 PM,53,225.135,24.86589622,25.93842506,25.60279465,26.32255936,24.87842751,24.62756157
4/20/2018,5:09:40 PM,324,225.406,24.89095497,25.98806381,25.70234489,26.34729767,24.916008,24.67777824
4/20/2018,5:09:40 PM,594,225.676,24.87842751,25.98806381,25.68990517,26.35966301,24.89095497,24.65267181
4/20/2018,5:09:40 PM,864,225.946,24.92853355,26.0128746,25.70234489,26.37203026,24.96609688,24.69033051
4/20/2018,5:09:41 PM,135,226.217,24.95357704,26.00046921,25.70234489,26.34729767,25.01616478,24.7154274
4/20/2018,5:09:41 PM,405,226.487,24.97861671,26.00046921,25.73965263,26.38439369,24.99113464,24.70287895
4/20/2018,5:09:41 PM,945,227.027,25.01616478,26.03767967,25.75208664,26.43383789,24.95357704,24.69033051
4/20/2018,5:09:42 PM,216,227.298,24.99113464,26.08727646,25.77694893,26.45855331,25.00365067,24.72797394
4/20/2018,5:09:42 PM,486,227.568,24.95357704,26.07487869,25.77694893,26.42148018,24.99113464,24.7154274
4/20/2018,5:09:42 PM,756,227.838,24.97861671,26.06248093,25.73965263,26.37203026,24.96609688,24.67777824
4/20/2018,5:09:43 PM,26,228.108,24.84083176,25.95083618,25.6650238,26.28544044,24.916008,24.64011765
4/20/2018,5:09:43 PM,297,228.379,24.92853355,25.97565651,25.71478271,26.35966301,24.92853355,24.61500359
4/20/2018,5:09:43 PM,567,228.649,24.92853355,25.97565651,25.71478271,26.32255936,24.9410553,24.64011765
4/20/2018,5:09:44 PM,108,229.19,24.916008,26.02527809,25.75208664,26.32255936,24.92853355,24.67777824
4/20/2018,5:09:44 PM,378,229.46,24.96609688,26.05008125,25.76451874,26.39675713,24.96609688,24.72797394
4/20/2018,5:09:44 PM,648,229.73,24.92853355,26.06248093,25.72721863,26.37203026,24.95357704,24.67777824
4/20/2018,5:09:44 PM,918,230,24.90348244,26.0128746,25.75208664,26.37203026,24.916008,24.65267181
4/20/2018,5:09:45 PM,189,230.271,24.92853355,25.98806381,25.68990517,26.31018639,24.96609688,24.69033051
4/20/2018,5:09:45 PM,459,230.541,24.96609688,26.03767967,25.72721863,26.39675713,25.00365067,24.70287895
4/20/2018,5:09:45 PM,729,230.811,24.99113464,25.97565651,25.72721863,26.37203026,24.97861671,24.67777824
4/20/2018,5:09:46 PM,270,231.352,24.90348244,25.95083618,25.6650238,26.29781532,24.92853355,24.6024437
4/20/2018,5:09:46 PM,540,231.622,24.92853355,25.95083618,25.6650238,26.32255936,24.9410553,24.64011765
4/20/2018,5:09:46 PM,810,231.892,24.85336494,25.93842506,25.57789421,26.29781532,24.89095497,24.56475639
4/20/2018,5:09:47 PM,81,232.163,24.916008,25.95083618,25.6650238,26.35966301,24.90348244,24.65267181
4/20/2018,5:09:47 PM,351,232.433,24.90348244,26.00046921,25.6650238,26.31018639,24.87842751,24.64011765
4/20/2018,5:09:47 PM,621,232.703,24.90348244,25.9632473,25.67746544,26.33492851,24.90348244,24.6024437
4/20/2018,5:09:47 PM,891,232.973,24.96609688,26.06248093,25.75208664,26.38439369,25.02867889,24.70287895
4/20/2018,5:09:48 PM,162,233.244,24.9410553,26.00046921,25.71478271,26.39675713,25.01616478,24.72797394
4/20/2018,5:09:48 PM,702,233.784,24.92853355,26.05008125,25.72721863,26.39675713,24.95357704,24.70287895
4/20/2018,5:09:48 PM,972,234.054,24.89095497,26.0128746,25.6650238,26.38439369,24.90348244,24.66522598
4/20/2018,5:09:49 PM,243,234.325,24.84083176,25.97565651,25.6650238,26.34729767,24.85336494,24.64011765
4/20/2018,5:09:49 PM,513,234.595,24.95357704,26.05008125,25.75208664,26.38439369,24.96609688,24.69033051
4/20/2018,5:09:49 PM,783,234.865,24.86589622,26.0128746,25.68990517,26.33492851,24.90348244,24.64011765
4/20/2018,5:09:50 PM,53,235.135,24.87842751,25.98806381,25.70234489,26.37203026,24.95357704,24.64011765
4/20/2018,5:09:50 PM,324,235.406,24.92853355,26.0128746,25.68990517,26.37203026,24.92853355,24.70287895
4/20/2018,5:09:50 PM,594,235.676,24.97861671,26.08727646,25.78937912,26.4461956,24.99113464,24.76560593
4/20/2018,5:09:50 PM,864,235.946,24.9410553,26.0128746,25.71478271,26.38439369,24.9410553,24.74052048
4/20/2018,5:09:51 PM,405,236.487,24.86589622,26.02527809,25.67746544,26.32255936,24.89095497,24.64011765
4/20/2018,5:09:51 PM,675,236.757,24.9410553,26.05008125,25.72721863,26.38439369,25.00365067,24.70287895
4/20/2018,5:09:51 PM,945,237.027,24.87842751,26.03767967,25.6650238,26.32255936,24.90348244,24.70287895
4/20/2018,5:09:52 PM,216,237.298,24.84083176,26.00046921,25.65258026,26.28544044,24.87842751,24.65267181
4/20/2018,5:09:52 PM,486,237.568,24.85336494,25.93842506,25.6650238,26.29781532,24.86589622,24.66522598
4/20/2018,5:09:52 PM,756,237.838,24.87842751,25.98806381,25.71478271,26.34729767,24.916008,24.69033051
4/20/2018,5:09:53 PM,26,238.108,24.916008,25.95083618,25.68990517,26.35966301,24.89095497,24.70287895
4/20/2018,5:09:53 PM,567,238.649,24.87842751,25.97565651,25.70234489,26.31018639,24.89095497,24.66522598
4/20/2018,5:09:53 PM,837,238.919,24.90348244,25.93842506,25.64013672,26.29781532,24.89095497,24.67777824
4/20/2018,5:09:54 PM,108,239.19,24.89095497,25.93842506,25.71478271,26.34729767,24.87842751,24.70287895
4/20/2018,5:09:54 PM,378,239.46,24.87842751,25.93842506,25.65258026,26.33492851,24.81576347,24.67777824
4/20/2018,5:09:54 PM,648,239.73,24.80322647,25.92601204,25.62769127,26.31018639,24.80322647,24.64011765
4/20/2018,5:09:54 PM,918,240,24.81576347,25.95083618,25.61524391,26.28544044,24.82829857,24.66522598
4/20/2018,5:09:55 PM,189,240.271,24.86589622,25.91359711,25.61524391,26.27306557,24.84083176,24.70287895
4/20/2018,5:09:55 PM,459,240.541,24.76560593,25.88876534,25.54053307,26.28544044,24.77814674,24.64011765
4/20/2018,5:09:55 PM,999,241.081,24.77814674,25.90118217,25.60279465,26.27306557,24.80322647,24.64011765
4/20/2018,5:09:56 PM,270,241.352,24.92853355,26.00046921,25.71478271,26.37203026,24.92853355,24.69033051
4/20/2018,5:09:56 PM,540,241.622,24.92853355,26.07487869,25.73965263,26.35966301,24.99113464,24.70287895
4/20/2018,5:09:56 PM,810,241.892,24.92853355,26.02527809,25.75208664,26.39675713,24.96609688,24.72797394
4/20/2018,5:09:57 PM,81,242.163,24.86589622,26.03767967,25.70234489,26.34729767,24.92853355,24.67777824
4/20/2018,5:09:57 PM,351,242.433,24.92853355,26.03767967,25.73965263,26.39675713,24.92853355,24.72797394
4/20/2018,5:09:57 PM,621,242.703,24.90348244,26.06248093,25.71478271,26.37203026,24.96609688,24.69033051
4/20/2018,5:09:57 PM,891,242.973,24.9410553,26.02527809,25.71478271,26.39675713,25.00365067,24.74052048
4/20/2018,5:09:58 PM,432,243.514,24.97861671,26.06248093,25.76451874,26.43383789,25.04118919,24.74052048
4/20/2018,5:09:58 PM,702,243.784,24.92853355,26.03767967,25.6650238,26.39675713,25.00365067,24.67777824
4/20/2018,5:09:58 PM,972,244.054,24.89095497,26.0128746,25.70234489,26.38439369,24.916008,24.67777824
4/20/2018,5:09:59 PM,243,244.325,24.86589622,25.98806381,25.6650238,26.37203026,24.90348244,24.64011765
4/20/2018,5:09:59 PM,513,244.595,24.87842751,25.97565651,25.64013672,26.35966301,24.82829857,24.65267181
4/20/2018,5:10:00 PM,53,245.135,24.85336494,25.95083618,25.61524391,26.29781532,24.82829857,24.5898819
4/20/2018,5:10:00 PM,324,245.406,24.92853355,26.0128746,25.77694893,26.35966301,24.84083176,24.67777824
4/20/2018,5:10:00 PM,594,245.676,25.02867889,26.06248093,25.8018074,26.39675713,25.02867889,24.7154274
4/20/2018,5:10:00 PM,864,245.946,24.916008,26.05008125,25.72721863,26.37203026,24.89095497,24.64011765
4/20/2018,5:10:01 PM,135,246.217,24.9410553,26.05008125,25.76451874,26.34729767,24.916008,24.65267181
4/20/2018,5:10:01 PM,405,246.487,24.96609688,26.08727646,25.81423378,26.40911865,24.99113464,24.7154274
4/20/2018,5:10:01 PM,945,247.027,24.86589622,26.06248093,25.75208664,26.38439369,24.90348244,24.69033051
4/20/2018,5:10:02 PM,216,247.298,24.85336494,26.00046921,25.72721863,26.34729767,24.9410553,24.64011765
4/20/2018,5:10:02 PM,486,247.568,24.916008,26.11206627,25.72721863,26.37203026,24.95357704,24.66522598
4/20/2018,5:10:02 PM,756,247.838,24.87842751,25.97565651,25.68990517,26.37203026,24.82829857,24.64011765
4/20/2018,5:10:03 PM,26,248.108,24.9410553,26.05008125,25.72721863,26.35966301,24.9410553,24.65267181
4/20/2018,5:10:03 PM,297,248.379,24.96609688,26.03767967,25.8018074,26.38439369,24.89095497,24.67777824
4/20/2018,5:10:03 PM,567,248.649,24.89095497,25.98806381,25.70234489,26.35966301,24.916008,24.64011765
4/20/2018,5:10:03 PM,837,248.919,24.92853355,25.95083618,25.67746544,26.32255936,24.916008,24.6024437
4/20/2018,5:10:04 PM,378,249.46,24.96609688,26.02527809,25.72721863,26.37203026,24.86589622,24.69033051
4/20/2018,5:10:04 PM,648,249.73,24.95357704,26.05008125,25.72721863,26.35966301,24.95357704,24.62756157
4/20/2018,5:10:04 PM,918,250,24.87842751,26.00046921,25.68990517,26.31018639,24.87842751,24.61500359
4/20/2018,5:10:05 PM,189,250.271,24.86589622,26.0128746,25.67746544,26.29781532,24.92853355,24.5898819
4/20/2018,5:10:05 PM,459,250.541,24.89095497,26.03767967,25.68990517,26.31018639,24.916008,24.61500359
4/20/2018,5:10:05 PM,729,250.811,24.90348244,25.97565651,25.65258026,26.29781532,24.85336494,24.5898819
4/20/2018,5:10:05 PM,999,251.081,24.80322647,25.88876534,25.56544113,26.2359314,24.81576347,24.52705765
4/20/2018,5:10:06 PM,270,251.352,24.82829857,25.9632473,25.62769127,26.29781532,24.82829857,24.56475639
4/20/2018,5:10:06 PM,810,251.892,24.84083176,25.95083618,25.62769127,26.26068878,24.77814674,24.52705765
4/20/2018,5:10:07 PM,81,252.163,24.80322647,25.97565651,25.62769127,26.26068878,24.84083176,24.52705765
4/20/2018,5:10:07 PM,351,252.433,24.7530632,25.91359711,25.55298805,26.26068878,24.84083176,24.52705765
4/20/2018,5:10:07 PM,621,252.703,24.80322647,25.95083618,25.61524391,26.29781532,24.81576347,24.55219078
4/20/2018,5:10:07 PM,891,252.973,24.85336494,25.93842506,25.68990517,26.32255936,24.89095497,24.6024437
4/20/2018,5:10:08 PM,162,253.244,24.916008,26.05008125,25.71478271,26.37203026,24.916008,24.6024437
4/20/2018,5:10:08 PM,702,253.784,24.87842751,26.0128746,25.6650238,26.29781532,24.89095497,24.61500359
4/20/2018,5:10:08 PM,972,254.054,24.9410553,26.02527809,25.77694893,26.39675713,24.9410553,24.65267181
4/20/2018,5:10:09 PM,243,254.325,24.916008,26.00046921,25.73965263,26.38439369,24.97861671,24.64011765
4/20/2018,5:10:09 PM,513,254.595,24.77814674,25.97565651,25.68990517,26.29781532,24.86589622,24.5898819
4/20/2018,5:10:09 PM,783,254.865,24.7530632,25.91359711,25.60279465,26.29781532,24.86589622,24.55219078
4/20/2018,5:10:10 PM,53,255.135,24.80322647,25.92601204,25.57789421,26.26068878,24.86589622,24.52705765
4/20/2018,5:10:10 PM,324,255.406,24.84083176,25.92601204,25.64013672,26.27306557,24.87842751,24.5898819
4/20/2018,5:10:10 PM,594,255.676,24.86589622,25.95083618,25.6650238,26.33492851,24.87842751,24.5898819
4/20/2018,5:10:11 PM,135,256.217,24.82829857,25.90118217,25.70234489,26.34729767,24.81576347,24.6024437
4/20/2018,5:10:11 PM,405,256.487,24.96609688,26.00046921,25.70234489,26.40911865,24.99113464,24.70287895
4/20/2018,5:10:11 PM,675,256.757,24.90348244,25.98806381,25.67746544,26.35966301,24.92853355,24.67777824
4/20/2018,5:10:11 PM,945,257.027,24.916008,25.98806381,25.67746544,26.32255936,24.9410553,24.62756157
4/20/2018,5:10:12 PM,486,257.568,24.87842751,25.97565651,25.67746544,26.27306557,24.89095497,24.6024437
4/20/2018,5:10:12 PM,756,257.838,24.86589622,25.93842506,25.67746544,26.29781532,24.89095497,24.61500359
4/20/2018,5:10:13 PM,26,258.108,24.92853355,26.02527809,25.73965263,26.31018639,24.99113464,24.64011765
4/20/2018,5:10:13 PM,297,258.379,24.9410553,26.06248093,25.75208664,26.34729767,24.99113464,24.66522598
4/20/2018,5:10:13 PM,837,258.919,24.916008,25.98806381,25.70234489,26.32255936,24.96609688,24.62756157
4/20/2018,5:10:14 PM,108,259.19,24.89095497,25.93842506,25.67746544,26.31018639,24.90348244,24.64011765
4/20/2018,5:10:14 PM,378,259.46,24.92853355,26.03767967,25.72721863,26.37203026,24.99113464,24.67777824
4/20/2018,5:10:14 PM,648,259.73,24.92853355,26.0128746,25.75208664,26.37203026,24.9410553,24.67777824
4/20/2018,5:10:14 PM,918,260,24.916008,26.03767967,25.71478271,26.37203026,24.95357704,24.69033051
4/20/2018,5:10:15 PM,189,260.271,24.90348244,26.02527809,25.68990517,26.34729767,24.89095497,24.65267181
4/20/2018,5:10:15 PM,459,260.541,25.00365067,26.07487869,25.76451874,26.43383789,24.95357704,24.72797394
4/20/2018,5:10:15 PM,729,260.811,24.95357704,26.02527809,25.76451874,26.37203026,24.89095497,24.67777824
4/20/2018,5:10:16 PM,270,261.352,24.92853355,26.0128746,25.71478271,26.38439369,24.95357704,24.65267181
4/20/2018,5:10:16 PM,540,261.622,25.02867889,26.14923859,25.83908272,26.50796509,25.01616478,24.77814674
4/20/2018,5:10:16 PM,810,261.892,24.96609688,26.12445831,25.81423378,26.47090721,25.00365067,24.76560593
4/20/2018,5:10:17 PM,81,262.163,24.97861671,26.17401505,25.88876534,26.49561501,25.0537014,24.77814674
4/20/2018,5:10:17 PM,351,262.433,24.99113464,26.12445831,25.8018074,26.4461956,25.00365067,24.79068756
4/20/2018,5:10:17 PM,621,262.703,25.00365067,26.19878578,25.91359711,26.53266335,25.02867889,24.82829857
4/20/2018,5:10:17 PM,891,262.973,24.96609688,26.18640137,25.86392593,26.50796509,25.00365067,24.77814674
4/20/2018,5:10:18 PM,162,263.244,25.00365067,26.14923859,25.87634659,26.49561501,25.02867889,24.79068756
4/20/2018,5:10:18 PM,702,263.784,25.01616478,26.14923859,25.86392593,26.48326111,25.02867889,24.80322647
4/20/2018,5:10:18 PM,972,264.054,24.99113464,26.17401505,25.83908272,26.47090721,25.0537014,24.79068756
4/20/2018,5:10:19 PM,243,264.325,24.96609688,26.12445831,25.81423378,26.47090721,24.96609688,24.74052048
4/20/2018,5:10:19 PM,513,264.595,25.04118919,26.14923859,25.86392593,26.53266335,25.01616478,24.80322647
4/20/2018,5:10:20 PM,53,265.135,24.96609688,26.11206627,25.78937912,26.47090721,25.00365067,24.74052048
4/20/2018,5:10:20 PM,324,265.406,25.02867889,26.11206627,25.82665825,26.49561501,25.04118919,24.80322647
4/20/2018,5:10:20 PM,594,265.676,24.99113464,26.13685036,25.85150528,26.49561501,25.0537014,24.74052048
4/20/2018,5:10:20 PM,864,265.946,24.96609688,26.09967041,25.82665825,26.47090721,25.06620979,24.69033051
4/20/2018,5:10:21 PM,135,266.217,24.92853355,26.07487869,25.78937912,26.49561501,25.04118919,24.72797394
4/20/2018,5:10:21 PM,405,266.487,24.92853355,26.08727646,25.76451874,26.45855331,25.01616478,24.70287895
4/20/2018,5:10:21 PM,675,266.757,24.95357704,26.07487869,25.77694893,26.43383789,25.00365067,24.70287895
4/20/2018,5:10:21 PM,945,267.027,24.99113464,26.07487869,25.81423378,26.49561501,25.00365067,24.7530632
4/20/2018,5:10:22 PM,216,267.298,24.95357704,26.05008125,25.75208664,26.45855331,24.9410553,24.72797394
4/20/2018,5:10:22 PM,756,267.838,24.96609688,26.07487869,25.78937912,26.40911865,24.97861671,24.70287895
4/20/2018,5:10:23 PM,26,268.108,24.82829857,26.0128746,25.72721863,26.33492851,24.916008,24.65267181
4/20/2018,5:10:23 PM,297,268.379,24.89095497,26.02527809,25.73965263,26.37203026,24.92853355,24.61500359
4/20/2018,5:10:23 PM,567,268.649,24.92853355,26.02527809,25.72721863,26.39675713,24.97861671,24.66522598
4/20/2018,5:10:23 PM,837,268.919,24.92853355,25.93842506,25.67746544,26.37203026,24.92853355,24.62756157
4/20/2018,5:10:24 PM,108,269.19,24.90348244,26.0128746,25.70234489,26.37203026,24.9410553,24.62756157
4/20/2018,5:10:24 PM,378,269.46,24.92853355,26.0128746,25.71478271,26.39675713,24.916008,24.66522598
4/20/2018,5:10:24 PM,648,269.73,24.916008,26.03767967,25.71478271,26.33492851,24.95357704,24.64011765
4/20/2018,5:10:24 PM,918,270,24.86589622,26.00046921,25.67746544,26.29781532,24.86589622,24.62756157
4/20/2018,5:10:25 PM,459,270.541,24.87842751,25.98806381,25.6650238,26.31018639,24.90348244,24.61500359
4/20/2018,5:10:25 PM,729,270.811,24.86589622,26.03767967,25.68990517,26.29781532,24.95357704,24.5898819
4/20/2018,5:10:25 PM,999,271.081,24.916008,26.00046921,25.72721863,26.32255936,24.89095497,24.5898819
4/20/2018,5:10:26 PM,270,271.352,24.916008,26.02527809,25.6650238,26.34729767,24.90348244,24.6024437
4/20/2018,5:10:26 PM,540,271.622,24.916008,26.03767967,25.75208664,26.37203026,24.9410553,24.64011765
4/20/2018,5:10:26 PM,810,271.892,24.95357704,26.07487869,25.77694893,26.4461956,24.9410553,24.70287895
4/20/2018,5:10:27 PM,351,272.433,24.96609688,26.11206627,25.78937912,26.42148018,24.99113464,24.66522598
4/20/2018,5:10:27 PM,621,272.703,24.96609688,26.08727646,25.75208664,26.39675713,24.96609688,24.65267181
4/20/2018,5:10:27 PM,891,272.973,24.92853355,26.03767967,25.72721863,26.37203026,24.9410553,24.64011765
4/20/2018,5:10:28 PM,162,273.244,24.9410553,26.06248093,25.70234489,26.32255936,24.95357704,24.65267181
4/20/2018,5:10:28 PM,432,273.514,24.92853355,26.06248093,25.70234489,26.34729767,24.9410553,24.61500359
4/20/2018,5:10:28 PM,702,273.784,24.92853355,26.06248093,25.75208664,26.35966301,24.92853355,24.65267181
4/20/2018,5:10:29 PM,243,274.325,24.9410553,26.03767967,25.68990517,26.35966301,24.89095497,24.67777824
4/20/2018,5:10:29 PM,513,274.595,24.92853355,25.98806381,25.67746544,26.32255936,24.916008,24.69033051
4/20/2018,5:10:29 PM,783,274.865,24.9410553,26.02527809,25.68990517,26.34729767,24.916008,24.6024437
4/20/2018,5:10:30 PM,53,275.135,24.85336494,25.9632473,25.61524391,26.32255936,24.84083176,24.53962517
4/20/2018,5:10:30 PM,324,275.406,24.86589622,25.95083618,25.64013672,26.29781532,24.86589622,24.5898819
4/20/2018,5:10:30 PM,594,275.676,24.87842751,25.92601204,25.6650238,26.33492851,24.86589622,24.5773201
4/20/2018,5:10:30 PM,864,275.946,24.90348244,26.0128746,25.71478271,26.37203026,24.89095497,24.5773201
4/20/2018,5:10:31 PM,135,276.217,24.89095497,26.03767967,25.70234489,26.32255936,24.916008,24.61500359
4/20/2018,5:10:31 PM,675,276.757,24.86589622,26.05008125,25.72721863,26.33492851,24.916008,24.62756157
4/20/2018,5:10:31 PM,945,277.027,24.97861671,26.09967041,25.76451874,26.39675713,24.99113464,24.69033051
4/20/2018,5:10:32 PM,216,277.298,24.90348244,26.0128746,25.68990517,26.35966301,24.92853355,24.64011765
4/20/2018,5:10:32 PM,486,277.568,24.87842751,26.05008125,25.72721863,26.34729767,24.92853355,24.61500359
4/20/2018,5:10:32 PM,756,277.838,24.96609688,26.16162872,25.81423378,26.39675713,24.97861671,24.69033051
4/20/2018,5:10:33 PM,26,278.108,24.9410553,26.13685036,25.75208664,26.37203026,24.96609688,24.64011765
4/20/2018,5:10:33 PM,567,278.649,25.0537014,26.18640137,25.83908272,26.49561501,25.0537014,24.69033051
4/20/2018,5:10:33 PM,837,278.919,24.92853355,26.11206627,25.78937912,26.39675713,24.95357704,24.64011765
4/20/2018,5:10:34 PM,108,279.19,24.97861671,26.11206627,25.77694893,26.4461956,25.00365067,24.67777824
4/20/2018,5:10:34 PM,378,279.46,25.02867889,26.11206627,25.77694893,26.47090721,25.00365067,24.70287895
4/20/2018,5:10:34 PM,648,279.73,24.95357704,26.07487869,25.75208664,26.42148018,24.99113464,24.64011765
4/20/2018,5:10:34 PM,918,280,24.96609688,26.14923859,25.77694893,26.4461956,25.01616478,24.66522598
4/20/2018,5:10:35 PM,459,280.541,25.04118919,26.248312,25.87634659,26.49561501,25.07871819,24.72797394
4/20/2018,5:10:35 PM,729,280.811,24.97861671,26.18640137,25.88876534,26.45855331,25.00365067,24.70287895
4/20/2018,5:10:35 PM,999,281.081,24.92853355,26.07487869,25.77694893,26.37203026,24.97861671,24.65267181
4/20/2018,5:10:36 PM,270,281.352,25.00365067,26.16162872,25.81423378,26.4461956,25.04118919,24.72797394
4/20/2018,5:10:36 PM,540,281.622,24.87842751,26.0128746,25.67746544,26.37203026,24.87842751,24.6024437
4/20/2018,5:10:36 PM,810,281.892,24.90348244,26.07487869,25.75208664,26.40911865,24.92853355,24.6024437
4/20/2018,5:10:37 PM,351,282.433,24.86589622,26.08727646,25.73965263,26.39675713,24.916008,24.6024437
4/20/2018,5:10:37 PM,621,282.703,24.92853355,26.05008125,25.70234489,26.37203026,24.96609688,24.65267181
4/20/2018,5:10:37 PM,891,282.973,24.92853355,26.03767967,25.76451874,26.39675713,24.9410553,24.67777824
4/20/2018,5:10:38 PM,162,283.244,24.89095497,26.09967041,25.76451874,26.35966301,24.89095497,24.66522598
4/20/2018,5:10:38 PM,432,283.514,24.80322647,26.02527809,25.65258026,26.32255936,24.89095497,24.5898819
4/20/2018,5:10:38 PM,702,283.784,24.80322647,25.97565651,25.65258026,26.33492851,24.89095497,24.5773201
4/20/2018,5:10:39 PM,243,284.325,24.85336494,25.95083618,25.68990517,26.33492851,24.81576347,24.6024437
4/20/2018,5:10:39 PM,513,284.595,24.7154274,25.93842506,25.57789421,26.26068878,24.72797394,24.48934555
4/20/2018,5:10:39 PM,783,284.865,24.79068756,25.92601204,25.62769127,26.29781532,24.79068756,24.48934555
4/20/2018,5:10:40 PM,53,285.135,24.84083176,25.9632473,25.64013672,26.29781532,24.86589622,24.51448822
4/20/2018,5:10:40 PM,324,285.406,24.81576347,25.91359711,25.62769127,26.27306557,24.82829857,24.52705765
4/20/2018,5:10:40 PM,594,285.676,24.916008,25.97565651,25.6650238,26.29781532,24.87842751,24.5773201
4/20/2018,5:10:41 PM,135,286.217,24.79068756,25.90118217,25.65258026,26.29781532,24.81576347,24.51448822
4/20/2018,5:10:41 PM,405,286.487,24.80322647,25.9632473,25.65258026,26.28544044,24.81576347,24.51448822
4/20/2018,5:10:41 PM,675,286.757,24.79068756,25.95083618,25.61524391,26.27306557,24.84083176,24.56475639
4/20/2018,5:10:41 PM,945,287.027,24.77814674,25.95083618,25.65258026,26.28544044,24.77814674,24.55219078
4/20/2018,5:10:42 PM,216,287.298,24.80322647,25.91359711,25.68990517,26.29781532,24.80322647,24.53962517
4/20/2018,5:10:42 PM,486,287.568,24.84083176,25.93842506,25.73965263,26.33492851,24.87842751,24.55219078
4/20/2018,5:10:42 PM,756,287.838,24.95357704,26.03767967,25.78937912,26.43383789,24.9410553,24.67777824
4/20/2018,5:10:43 PM,297,288.379,24.89095497,26.07487869,25.76451874,26.39675713,24.97861671,24.64011765
4/20/2018,5:10:43 PM,567,288.649,24.99113464,26.11206627,25.86392593,26.48326111,25.00365067,24.67777824
4/20/2018,5:10:43 PM,837,288.919,24.99113464,26.03767967,25.82665825,26.45855331,25.04118919,24.7154274
4/20/2018,5:10:44 PM,108,289.19,25.01616478,26.08727646,25.86392593,26.48326111,25.04118919,24.69033051
4/20/2018,5:10:44 PM,378,289.46,24.95357704,25.9632473,25.76451874,26.43383789,24.95357704,24.65267181
4/20/2018,5:10:44 PM,918,290,25.01616478,26.06248093,25.75208664,26.4461956,25.01616478,24.70287895
4/20/2018,5:10:45 PM,189,290.271,25.02867889,26.11206627,25.82665825,26.45855331,25.06620979,24.72797394
4/20/2018,5:10:45 PM,459,290.541,25.06620979,26.05008125,25.78937912,26.50796509,25.0537014,24.7154274
4/20/2018,5:10:45 PM,729,290.811,24.96609688,26.03767967,25.76451874,26.47090721,25.04118919,24.69033051
4/20/2018,5:10:45 PM,999,291.081,25.01616478,26.05008125,25.82665825,26.48326111,25.01616478,24.69033051
4/20/2018,5:10:46 PM,270,291.352,25.0537014,26.13685036,25.87634659,26.50796509,25.0537014,24.7530632
4/20/2018,5:10:46 PM,810,291.892,24.97861671,26.11206627,25.82665825,26.43383789,25.00365067,24.70287895
4/20/2018,5:10:47 PM,81,292.163,25.00365067,26.08727646,25.85150528,26.49561501,25.01616478,24.70287895
4/20/2018,5:10:47 PM,351,292.433,24.99113464,26.07487869,25.82665825,26.45855331,25.00365067,24.76560593
4/20/2018,5:10:47 PM,621,292.703,24.92853355,26.08727646,25.76451874,26.45855331,25.01616478,24.67777824
4/20/2018,5:10:47 PM,891,292.973,24.92853355,26.05008125,25.82665825,26.4461956,24.97861671,24.70287895